source_repository	source_path	source_revision	source_sha256	role	public_eligibility	canonical_counterpart	decision	evidence	validation	preservation
narikiri2-an9j-save-fix	.gitattributes	working tree based on 0e18f64a488901a8a565fbcd9da8b7413aa91e10	7a4d8f757b4e0ed596f5ecf627c77306fd6e84fb82420fbb36f6b3eeb7259aea	current implementation/input	Existing canonical sanitized/updated counterpart	.gitattributes	SUPERSEDED_WITH_EVIDENCE	Canonical source-bound authored/hash representation supersedes older raw source text/profile metadata; exact frozen v0.9 and v0.9a builds verify the adopted product, without importing the old corpus.	baseline 102 / candidate 134 tests; exact ROM/BPS reproduction; see individual test map	private backup: legacy working-files manifest
narikiri2-an9j-save-fix	.gitignore	working tree based on 0e18f64a488901a8a565fbcd9da8b7413aa91e10	c45f40ce19247c38519ae3d5bf2f8297a7587ab5460ea47c2942c4185f554255	current implementation/input	Existing canonical sanitized/updated counterpart	.gitignore	SUPERSEDED_WITH_EVIDENCE	Canonical source-bound authored/hash representation supersedes older raw source text/profile metadata; exact frozen v0.9 and v0.9a builds verify the adopted product, without importing the old corpus.	baseline 102 / candidate 134 tests; exact ROM/BPS reproduction; see individual test map	private backup: legacy working-files manifest
narikiri2-an9j-save-fix	AGENTS.md	working tree based on 0e18f64a488901a8a565fbcd9da8b7413aa91e10	1d721f09827bb9f29e4087a1f41c180048503bb0524a4ed904f5f787dd55cda3	historical investigation/reference	NO: historical/private data not selected for publication		PRIVATE_ARCHIVE_ONLY	Preserved by SHA-256 in the private working-file manifest; not a current product dependency.	baseline 102 / candidate 134 tests; exact ROM/BPS reproduction; see individual test map	private backup: legacy working-files manifest
narikiri2-an9j-save-fix	candidate_a.g3diag.a	working tree based on 0e18f64a488901a8a565fbcd9da8b7413aa91e10	e0e80cfcb094ea045e7467ddba2fa832d2cec6ad112847954587fa26018e4874	historical investigation/reference	NO: historical/private data not selected for publication		PRIVATE_ARCHIVE_ONLY	Preserved by SHA-256 in the private working-file manifest; not a current product dependency.	baseline 102 / candidate 134 tests; exact ROM/BPS reproduction; see individual test map	private backup: legacy working-files manifest
narikiri2-an9j-save-fix	candidate_a.g3diag.b	working tree based on 0e18f64a488901a8a565fbcd9da8b7413aa91e10	e0e80cfcb094ea045e7467ddba2fa832d2cec6ad112847954587fa26018e4874	historical investigation/reference	NO: historical/private data not selected for publication		PRIVATE_ARCHIVE_ONLY	Preserved by SHA-256 in the private working-file manifest; not a current product dependency.	baseline 102 / candidate 134 tests; exact ROM/BPS reproduction; see individual test map	private backup: legacy working-files manifest
narikiri2-an9j-save-fix	candidate_a.sav	working tree based on 0e18f64a488901a8a565fbcd9da8b7413aa91e10	8fcb676bd49121976f20a054b262f04255429852857c0be382cbcaca44c1b54f	historical investigation/reference	NO: historical/private data not selected for publication		PRIVATE_ARCHIVE_ONLY	Preserved by SHA-256 in the private working-file manifest; not a current product dependency.	baseline 102 / candidate 134 tests; exact ROM/BPS reproduction; see individual test map	private backup: legacy working-files manifest
narikiri2-an9j-save-fix	CHANGELOG.md	working tree based on 0e18f64a488901a8a565fbcd9da8b7413aa91e10	98525d5600b82d52e143004f2d3f51e54b7b205b70a835f29c0c57cbb3cac677	current implementation/input	Existing canonical sanitized/updated counterpart	CHANGELOG.md	SUPERSEDED_WITH_EVIDENCE	Canonical source-bound authored/hash representation supersedes older raw source text/profile metadata; exact frozen v0.9 and v0.9a builds verify the adopted product, without importing the old corpus.	baseline 102 / candidate 134 tests; exact ROM/BPS reproduction; see individual test map	private backup: legacy working-files manifest
narikiri2-an9j-save-fix	COMPLETE_KOREAN_RELEASE_REPORT.md	working tree based on 0e18f64a488901a8a565fbcd9da8b7413aa91e10	f7770645743202632fc5a66677a145033ea2b11b37b7b1807a443a2d4a351535	historical investigation/reference	NO: historical/private data not selected for publication		PRIVATE_ARCHIVE_ONLY	Preserved by SHA-256 in the private working-file manifest; not a current product dependency.	baseline 102 / candidate 134 tests; exact ROM/BPS reproduction; see individual test map	private backup: legacy working-files manifest
narikiri2-an9j-save-fix	DALMOORI_8X8_MIGRATION_REPORT.md	working tree based on 0e18f64a488901a8a565fbcd9da8b7413aa91e10	be5f30c2ec8d8310169dc3224fd4df52194fb83b2c0ea3509788698c239ac484	historical investigation/reference	NO: historical/private data not selected for publication		PRIVATE_ARCHIVE_ONLY	Preserved by SHA-256 in the private working-file manifest; not a current product dependency.	baseline 102 / candidate 134 tests; exact ROM/BPS reproduction; see individual test map	private backup: legacy working-files manifest
narikiri2-an9j-save-fix	DEVELOPMENT_BUILD.md	working tree based on 0e18f64a488901a8a565fbcd9da8b7413aa91e10	6647be208cda40aa9f7e372dfa7220a34d4258b04838d41d70f9efe23cac4989	historical investigation/reference	NO: historical/private data not selected for publication		PRIVATE_ARCHIVE_ONLY	Preserved by SHA-256 in the private working-file manifest; not a current product dependency.	baseline 102 / candidate 134 tests; exact ROM/BPS reproduction; see individual test map	private backup: legacy working-files manifest
narikiri2-an9j-save-fix	EXECUTION_STATE.json	working tree based on 0e18f64a488901a8a565fbcd9da8b7413aa91e10	95ecd4e52cdd6259b2e37a4634bdd783f248399ca5f78be561cb2a1aaa91b54a	historical decisions/status	NO: historical/private data not selected for publication	MIGRATION.md; RELEASE_POLICY.md; docs/migration/FOLLOW_UP.md	SUPERSEDED_WITH_EVIDENCE	v0.9 historical status is superseded by v0.9a, not deleted. Adopted save/font/FFR/rights/version policies remain in active docs; pending hardware/full-play work is carried forward.	baseline 102 / candidate 134 tests; exact ROM/BPS reproduction; see individual test map	private backup: legacy working-files manifest
narikiri2-an9j-save-fix	NARIKIRI2_CODEX_FFR_v0.9_통합_배포_명령문_패키지.zip	working tree based on 0e18f64a488901a8a565fbcd9da8b7413aa91e10	77b60f4fc0a7a1ed1dd8962606cf75128793337c9ac75d516e8d24315e41dfeb	historical investigation/reference	NO: historical/private data not selected for publication		PRIVATE_ARCHIVE_ONLY	Preserved by SHA-256 in the private working-file manifest; not a current product dependency.	baseline 102 / candidate 134 tests; exact ROM/BPS reproduction; see individual test map	private backup: legacy working-files manifest
narikiri2-an9j-save-fix	narikiri2_codex_verified_prompt.md	working tree based on 0e18f64a488901a8a565fbcd9da8b7413aa91e10	784826f15628604ad2ef43ed5676178d7523d77ddf228ca6c15426bdd9b4b6ab	historical investigation/reference	NO: historical/private data not selected for publication		PRIVATE_ARCHIVE_ONLY	Preserved by SHA-256 in the private working-file manifest; not a current product dependency.	baseline 102 / candidate 134 tests; exact ROM/BPS reproduction; see individual test map	private backup: legacy working-files manifest
narikiri2-an9j-save-fix	NARIKIRI2_CODEX_미번역_보완_명령문.md	working tree based on 0e18f64a488901a8a565fbcd9da8b7413aa91e10	cf3669b59a8d870464f1cabfa829c66dc9a34b0500409734377e51f865f916de	historical investigation/reference	NO: historical/private data not selected for publication		PRIVATE_ARCHIVE_ONLY	Preserved by SHA-256 in the private working-file manifest; not a current product dependency.	baseline 102 / candidate 134 tests; exact ROM/BPS reproduction; see individual test map	private backup: legacy working-files manifest
narikiri2-an9j-save-fix	NARIKIRI2_CODEX_완전판_제작_명령문.md	working tree based on 0e18f64a488901a8a565fbcd9da8b7413aa91e10	c94007aab5cd64af153682bbdb98471e458d3e306daa8edd27b7b6df85eea85a	historical investigation/reference	NO: historical/private data not selected for publication		PRIVATE_ARCHIVE_ONLY	Preserved by SHA-256 in the private working-file manifest; not a current product dependency.	baseline 102 / candidate 134 tests; exact ROM/BPS reproduction; see individual test map	private backup: legacy working-files manifest
narikiri2-an9j-save-fix	PLAN.md	working tree based on 0e18f64a488901a8a565fbcd9da8b7413aa91e10	9f31a63229bb74d4b4b697a0c1cb955db6ef4c35c31512f758f09e91cc42733f	historical investigation/reference	NO: historical/private data not selected for publication		PRIVATE_ARCHIVE_ONLY	Preserved by SHA-256 in the private working-file manifest; not a current product dependency.	baseline 102 / candidate 134 tests; exact ROM/BPS reproduction; see individual test map	private backup: legacy working-files manifest
narikiri2-an9j-save-fix	README.md	working tree based on 0e18f64a488901a8a565fbcd9da8b7413aa91e10	cb2d424a2da9da028c2adcf245cbb2b1a0134eed028fa8155e927ebc9e151a14	current implementation/input	Existing canonical sanitized/updated counterpart	README.md	SUPERSEDED_WITH_EVIDENCE	Canonical source-bound authored/hash representation supersedes older raw source text/profile metadata; exact frozen v0.9 and v0.9a builds verify the adopted product, without importing the old corpus.	baseline 102 / candidate 134 tests; exact ROM/BPS reproduction; see individual test map	private backup: legacy working-files manifest
narikiri2-an9j-save-fix	RELEASE_CHECKLIST.md	working tree based on 0e18f64a488901a8a565fbcd9da8b7413aa91e10	4058c64df5e37e3fdf2e776b703314e78956c9daeadabbb462d4ae573304a7cd	historical investigation/reference	NO: historical/private data not selected for publication		PRIVATE_ARCHIVE_ONLY	Preserved by SHA-256 in the private working-file manifest; not a current product dependency.	baseline 102 / candidate 134 tests; exact ROM/BPS reproduction; see individual test map	private backup: legacy working-files manifest
narikiri2-an9j-save-fix	RELEASE_POLICY.md	working tree based on 0e18f64a488901a8a565fbcd9da8b7413aa91e10	1441cc9a13e4bb7ff7ab02f5e170bd31805432538675cdd191a526931c4db88d	current implementation/input	Existing canonical sanitized/updated counterpart	RELEASE_POLICY.md	SUPERSEDED_WITH_EVIDENCE	Canonical source-bound authored/hash representation supersedes older raw source text/profile metadata; exact frozen v0.9 and v0.9a builds verify the adopted product, without importing the old corpus.	baseline 102 / candidate 134 tests; exact ROM/BPS reproduction; see individual test map	private backup: legacy working-files manifest
narikiri2-an9j-save-fix	requirements-private-font.txt	working tree based on 0e18f64a488901a8a565fbcd9da8b7413aa91e10	6daa736159e32e3dbc1a72cbc67c192b8101c532a4b66e3daede4595c8452f5b	historical investigation/reference	NO: historical/private data not selected for publication		PRIVATE_ARCHIVE_ONLY	Preserved by SHA-256 in the private working-file manifest; not a current product dependency.	baseline 102 / candidate 134 tests; exact ROM/BPS reproduction; see individual test map	private backup: legacy working-files manifest
narikiri2-an9j-save-fix	RESUME.md	working tree based on 0e18f64a488901a8a565fbcd9da8b7413aa91e10	296637167271a5fcedce0564b7aa697fe8c3926d815e95acdf186e616a46eaaa	historical decisions/status	NO: historical/private data not selected for publication	MIGRATION.md; RELEASE_POLICY.md; docs/migration/FOLLOW_UP.md	SUPERSEDED_WITH_EVIDENCE	v0.9 historical status is superseded by v0.9a, not deleted. Adopted save/font/FFR/rights/version policies remain in active docs; pending hardware/full-play work is carried forward.	baseline 102 / candidate 134 tests; exact ROM/BPS reproduction; see individual test map	private backup: legacy working-files manifest
narikiri2-an9j-save-fix	tales-of-the-world-narikiri-dungeon-2.4200.sps	working tree based on 0e18f64a488901a8a565fbcd9da8b7413aa91e10	6eed93a950cb5150839a63e3c4e29e66347ae2d8c2b6ad8516e99feaf0842f63	historical investigation/reference	NO: historical/private data not selected for publication		PRIVATE_ARCHIVE_ONLY	Preserved by SHA-256 in the private working-file manifest; not a current product dependency.	baseline 102 / candidate 134 tests; exact ROM/BPS reproduction; see individual test map	private backup: legacy working-files manifest
narikiri2-an9j-save-fix	tales-of-the-world-narikiri-dungeon-2.5017.sps	working tree based on 0e18f64a488901a8a565fbcd9da8b7413aa91e10	ce0ecede3e24ab312ea8ab66a329201ae3300e030e10ed03b183b765bf96c35c	historical investigation/reference	NO: historical/private data not selected for publication		PRIVATE_ARCHIVE_ONLY	Preserved by SHA-256 in the private working-file manifest; not a current product dependency.	baseline 102 / candidate 134 tests; exact ROM/BPS reproduction; see individual test map	private backup: legacy working-files manifest
narikiri2-an9j-save-fix	THIRD_PARTY_NOTICES.md	working tree based on 0e18f64a488901a8a565fbcd9da8b7413aa91e10	233226c24c30288e7098ffd8e300531ccc974bb04c7e73a798b8a5d682d916f6	current implementation/input	Existing canonical sanitized/updated counterpart	THIRD_PARTY_NOTICES.md	SUPERSEDED_WITH_EVIDENCE	Canonical source-bound authored/hash representation supersedes older raw source text/profile metadata; exact frozen v0.9 and v0.9a builds verify the adopted product, without importing the old corpus.	baseline 102 / candidate 134 tests; exact ROM/BPS reproduction; see individual test map	private backup: legacy working-files manifest
narikiri2-an9j-save-fix	TRANSLATION_COMPLETION_REPORT.md	working tree based on 0e18f64a488901a8a565fbcd9da8b7413aa91e10	f16237d74c3e6f3632b921e2cfcfc16d2ef1bc833caf4e9f912f4b7a3a133176	historical investigation/reference	NO: historical/private data not selected for publication		PRIVATE_ARCHIVE_ONLY	Preserved by SHA-256 in the private working-file manifest; not a current product dependency.	baseline 102 / candidate 134 tests; exact ROM/BPS reproduction; see individual test map	private backup: legacy working-files manifest
narikiri2-an9j-save-fix	verify_narikiri2_roms.py	working tree based on 0e18f64a488901a8a565fbcd9da8b7413aa91e10	93f4977f77a6b49a63d79fc3623c9060f4eb8af43d759b46fc58a7b04b8bc58b	historical investigation/reference	NO: historical/private data not selected for publication		PRIVATE_ARCHIVE_ONLY	Preserved by SHA-256 in the private working-file manifest; not a current product dependency.	baseline 102 / candidate 134 tests; exact ROM/BPS reproduction; see individual test map	private backup: legacy working-files manifest
narikiri2-an9j-save-fix	WORKLOG.md	working tree based on 0e18f64a488901a8a565fbcd9da8b7413aa91e10	d957f7ad59cb3c65646d0d78be0071f2197f1a1f8bd3ea3d3cd83392b59d8d7c	historical decisions/status	NO: historical/private data not selected for publication	MIGRATION.md; RELEASE_POLICY.md; docs/migration/FOLLOW_UP.md	SUPERSEDED_WITH_EVIDENCE	v0.9 historical status is superseded by v0.9a, not deleted. Adopted save/font/FFR/rights/version policies remain in active docs; pending hardware/full-play work is carried forward.	baseline 102 / candidate 134 tests; exact ROM/BPS reproduction; see individual test map	private backup: legacy working-files manifest
narikiri2-an9j-save-fix	테일즈 오브 더 월드 나리키리 던전 2_[AN9J][J].gba	working tree based on 0e18f64a488901a8a565fbcd9da8b7413aa91e10	a92c0f6dbb5c013b47b7178e23d81663e3952a10df7b1f68967ebf7bb3b98eb7	historical investigation/reference	NO: historical/private data not selected for publication		PRIVATE_ARCHIVE_ONLY	Preserved by SHA-256 in the private working-file manifest; not a current product dependency.	baseline 102 / candidate 134 tests; exact ROM/BPS reproduction; see individual test map	private backup: legacy working-files manifest
narikiri2-an9j-save-fix	테일즈 오브 더 월드 나리키리 던전 2_[AN9J][K]_FFR-01.sgm	working tree based on 0e18f64a488901a8a565fbcd9da8b7413aa91e10	58b8bb11e21fb1a40c500ec957bcaab38f5ea3cd970bd2de46645ab727363966	historical investigation/reference	NO: historical/private data not selected for publication		PRIVATE_ARCHIVE_ONLY	Preserved by SHA-256 in the private working-file manifest; not a current product dependency.	baseline 102 / candidate 134 tests; exact ROM/BPS reproduction; see individual test map	private backup: legacy working-files manifest
narikiri2-an9j-save-fix	테일즈 오브 더 월드 나리키리 던전 2_[AN9J][K]_FFR.gba	working tree based on 0e18f64a488901a8a565fbcd9da8b7413aa91e10	f94cb5a128c8a98e6e18e6a0598ebf9b266f54da0750367af8defac3eb2df7d4	historical investigation/reference	NO: historical/private data not selected for publication		PRIVATE_ARCHIVE_ONLY	Preserved by SHA-256 in the private working-file manifest; not a current product dependency.	baseline 102 / candidate 134 tests; exact ROM/BPS reproduction; see individual test map	private backup: legacy working-files manifest
narikiri2-an9j-save-fix	테일즈 오브 더 월드 나리키리 던전 2_[AN9J][K]_FFR.sav	working tree based on 0e18f64a488901a8a565fbcd9da8b7413aa91e10	91abdb55aac1aaea117b3bfa91c811efca60540f159ee45c05ef4573bf90f46f	historical investigation/reference	NO: historical/private data not selected for publication		PRIVATE_ARCHIVE_ONLY	Preserved by SHA-256 in the private working-file manifest; not a current product dependency.	baseline 102 / candidate 134 tests; exact ROM/BPS reproduction; see individual test map	private backup: legacy working-files manifest
narikiri2-an9j-save-fix	analysis/banked_engine_cpu_tests.txt	working tree based on 0e18f64a488901a8a565fbcd9da8b7413aa91e10	fdab42d5a862d946661cc3df077b29ca29eecfdae2c891ffa52bfc94f6e45dbf	historical investigation/reference	NO: historical/private data not selected for publication		PRIVATE_ARCHIVE_ONLY	Preserved by SHA-256 in the private working-file manifest; not a current product dependency.	baseline 102 / candidate 134 tests; exact ROM/BPS reproduction; see individual test map	private backup: legacy working-files manifest
narikiri2-an9j-save-fix	analysis/banked_engine_cpu_tests_revision03.txt	working tree based on 0e18f64a488901a8a565fbcd9da8b7413aa91e10	3d8c8669bdaccdcd307ec18be3f9527662550f5032082697675ab1b9cdc242f6	historical investigation/reference	NO: historical/private data not selected for publication		PRIVATE_ARCHIVE_ONLY	Preserved by SHA-256 in the private working-file manifest; not a current product dependency.	baseline 102 / candidate 134 tests; exact ROM/BPS reproduction; see individual test map	private backup: legacy working-files manifest
narikiri2-an9j-save-fix	analysis/banked_engine_cpu_tests_revision04.txt	working tree based on 0e18f64a488901a8a565fbcd9da8b7413aa91e10	cfba5ad6c3639e932b9296ba5e7508e023dcd1ae70c1c28f6abdd6aa0fce918a	historical investigation/reference	NO: historical/private data not selected for publication		PRIVATE_ARCHIVE_ONLY	Preserved by SHA-256 in the private working-file manifest; not a current product dependency.	baseline 102 / candidate 134 tests; exact ROM/BPS reproduction; see individual test map	private backup: legacy working-files manifest
narikiri2-an9j-save-fix	analysis/banked_engine_cpu_tests_revision04b.txt	working tree based on 0e18f64a488901a8a565fbcd9da8b7413aa91e10	65ec942a12aa9fa511ae628f258cb33c5a542b5c70216dcac3f3662d16dc42d8	historical investigation/reference	NO: historical/private data not selected for publication		PRIVATE_ARCHIVE_ONLY	Preserved by SHA-256 in the private working-file manifest; not a current product dependency.	baseline 102 / candidate 134 tests; exact ROM/BPS reproduction; see individual test map	private backup: legacy working-files manifest
narikiri2-an9j-save-fix	analysis/banked_engine_cpu_tests_revision04c.txt	working tree based on 0e18f64a488901a8a565fbcd9da8b7413aa91e10	ab627e80a68ab05033919a5ef95225600d836098f5fe7bf44425474ca43cb2fe	historical investigation/reference	NO: historical/private data not selected for publication		PRIVATE_ARCHIVE_ONLY	Preserved by SHA-256 in the private working-file manifest; not a current product dependency.	baseline 102 / candidate 134 tests; exact ROM/BPS reproduction; see individual test map	private backup: legacy working-files manifest
narikiri2-an9j-save-fix	analysis/banked_full_regression.txt	working tree based on 0e18f64a488901a8a565fbcd9da8b7413aa91e10	a77905186d0043d3618c1ea47521058f3fcae3c67257b70520c27e253da12393	historical investigation/reference	NO: historical/private data not selected for publication		PRIVATE_ARCHIVE_ONLY	Preserved by SHA-256 in the private working-file manifest; not a current product dependency.	baseline 102 / candidate 134 tests; exact ROM/BPS reproduction; see individual test map	private backup: legacy working-files manifest
narikiri2-an9j-save-fix	analysis/banked_full_regression_revision05.txt	working tree based on 0e18f64a488901a8a565fbcd9da8b7413aa91e10	caef88f72e707b0322f23c6d0135676188a7ae38edf696927ec4d971018eaa31	historical investigation/reference	NO: historical/private data not selected for publication		PRIVATE_ARCHIVE_ONLY	Preserved by SHA-256 in the private working-file manifest; not a current product dependency.	baseline 102 / candidate 134 tests; exact ROM/BPS reproduction; see individual test map	private backup: legacy working-files manifest
narikiri2-an9j-save-fix	analysis/baseline_manifest.json	working tree based on 0e18f64a488901a8a565fbcd9da8b7413aa91e10	29094a9123ec61df687de3664cf48537474b99836ee756aaa29947e581e6fff4	historical investigation/reference	NO: historical/private data not selected for publication		PRIVATE_ARCHIVE_ONLY	Preserved by SHA-256 in the private working-file manifest; not a current product dependency.	baseline 102 / candidate 134 tests; exact ROM/BPS reproduction; see individual test map	private backup: legacy working-files manifest
narikiri2-an9j-save-fix	analysis/battle_label_asset_search.json	working tree based on 0e18f64a488901a8a565fbcd9da8b7413aa91e10	48b1c8bcc22a35b8107d05dc6cd1a6a3b0883495bfc1dec6135a8d0d4d1a2b7a	historical investigation/reference	NO: historical/private data not selected for publication		PRIVATE_ARCHIVE_ONLY	Preserved by SHA-256 in the private working-file manifest; not a current product dependency.	baseline 102 / candidate 134 tests; exact ROM/BPS reproduction; see individual test map	private backup: legacy working-files manifest
narikiri2-an9j-save-fix	analysis/battle_pause_asset_search.json	working tree based on 0e18f64a488901a8a565fbcd9da8b7413aa91e10	ac5591474022225ab86ac0a8dd46af63ba10532644a0a54b938b452276b12111	historical investigation/reference	NO: historical/private data not selected for publication		PRIVATE_ARCHIVE_ONLY	Preserved by SHA-256 in the private working-file manifest; not a current product dependency.	baseline 102 / candidate 134 tests; exact ROM/BPS reproduction; see individual test map	private backup: legacy working-files manifest
narikiri2-an9j-save-fix	analysis/binary_diff_report.md	working tree based on 0e18f64a488901a8a565fbcd9da8b7413aa91e10	ed6d80ad6495df2571b22efb0f132c920396fda170236748fb75e4e7c261b44f	historical investigation/reference	NO: historical/private data not selected for publication		PRIVATE_ARCHIVE_ONLY	Preserved by SHA-256 in the private working-file manifest; not a current product dependency.	baseline 102 / candidate 134 tests; exact ROM/BPS reproduction; see individual test map	private backup: legacy working-files manifest
narikiri2-an9j-save-fix	analysis/candidate_a_g3diag.csv	working tree based on 0e18f64a488901a8a565fbcd9da8b7413aa91e10	7b1de43076c9b4623241ed7f895ed5811287d307e9ecabdaf3e94f8dba53ebd3	historical investigation/reference	NO: historical/private data not selected for publication		PRIVATE_ARCHIVE_ONLY	Preserved by SHA-256 in the private working-file manifest; not a current product dependency.	baseline 102 / candidate 134 tests; exact ROM/BPS reproduction; see individual test map	private backup: legacy working-files manifest
narikiri2-an9j-save-fix	analysis/compact_capacity_summary.json	working tree based on 0e18f64a488901a8a565fbcd9da8b7413aa91e10	7dcd10b725243d10367773da5b577432eabde6066a23f69f79b65bcd38524aa6	historical investigation/reference	NO: historical/private data not selected for publication		PRIVATE_ARCHIVE_ONLY	Preserved by SHA-256 in the private working-file manifest; not a current product dependency.	baseline 102 / candidate 134 tests; exact ROM/BPS reproduction; see individual test map	private backup: legacy working-files manifest
narikiri2-an9j-save-fix	analysis/compact_code_usage.csv	working tree based on 0e18f64a488901a8a565fbcd9da8b7413aa91e10	651abb089454d3bf83fe9acf5c3030de5ed262bcde5ccf8f8ede91f47dc1d8ae	historical investigation/reference	NO: historical/private data not selected for publication		PRIVATE_ARCHIVE_ONLY	Preserved by SHA-256 in the private working-file manifest; not a current product dependency.	baseline 102 / candidate 134 tests; exact ROM/BPS reproduction; see individual test map	private backup: legacy working-files manifest
narikiri2-an9j-save-fix	analysis/compact_resume_findings.md	working tree based on 0e18f64a488901a8a565fbcd9da8b7413aa91e10	dfa5d6e57352d6e66217a5432e6a110a2d7f61f7683d430f134d5986606788a1	historical investigation/reference	NO: historical/private data not selected for publication		PRIVATE_ARCHIVE_ONLY	Preserved by SHA-256 in the private working-file manifest; not a current product dependency.	baseline 102 / candidate 134 tests; exact ROM/BPS reproduction; see individual test map	private backup: legacy working-files manifest
narikiri2-an9j-save-fix	analysis/compact_target_catalog_summary.json	working tree based on 0e18f64a488901a8a565fbcd9da8b7413aa91e10	56c1f359e82dafa3e09c923aeb4968714e31b8daaf6bad567b1caf20fb4fe0f9	historical investigation/reference	NO: historical/private data not selected for publication		PRIVATE_ARCHIVE_ONLY	Preserved by SHA-256 in the private working-file manifest; not a current product dependency.	baseline 102 / candidate 134 tests; exact ROM/BPS reproduction; see individual test map	private backup: legacy working-files manifest
narikiri2-an9j-save-fix	analysis/compact_transcription_summary.json	working tree based on 0e18f64a488901a8a565fbcd9da8b7413aa91e10	b7f322f32a04eb9cbf158b225fafbea320b91a320e98afd37cbf4b8af8f15e99	historical investigation/reference	NO: historical/private data not selected for publication		PRIVATE_ARCHIVE_ONLY	Preserved by SHA-256 in the private working-file manifest; not a current product dependency.	baseline 102 / candidate 134 tests; exact ROM/BPS reproduction; see individual test map	private backup: legacy working-files manifest
narikiri2-an9j-save-fix	analysis/compact_translation_autodraft_summary.json	working tree based on 0e18f64a488901a8a565fbcd9da8b7413aa91e10	57a34f0061603df1cc83286e58fca10bc80fa318020265a73877a9f5bbe44565	historical investigation/reference	NO: historical/private data not selected for publication		PRIVATE_ARCHIVE_ONLY	Preserved by SHA-256 in the private working-file manifest; not a current product dependency.	baseline 102 / candidate 134 tests; exact ROM/BPS reproduction; see individual test map	private backup: legacy working-files manifest
narikiri2-an9j-save-fix	analysis/compact_unicode_corpus.csv	working tree based on 0e18f64a488901a8a565fbcd9da8b7413aa91e10	64eede3594f0fe2278184acf9a139ed1961f45d81cae321b723129c4450322b9	historical investigation/reference	NO: historical/private data not selected for publication		PRIVATE_ARCHIVE_ONLY	Preserved by SHA-256 in the private working-file manifest; not a current product dependency.	baseline 102 / candidate 134 tests; exact ROM/BPS reproduction; see individual test map	private backup: legacy working-files manifest
narikiri2-an9j-save-fix	analysis/compact_unicode_corpus_summary.json	working tree based on 0e18f64a488901a8a565fbcd9da8b7413aa91e10	e072b565078f69ee1fddbc3bea3191ca09ef28a19ab49d5c93a5f0a1461166e2	historical investigation/reference	NO: historical/private data not selected for publication		PRIVATE_ARCHIVE_ONLY	Preserved by SHA-256 in the private working-file manifest; not a current product dependency.	baseline 102 / candidate 134 tests; exact ROM/BPS reproduction; see individual test map	private backup: legacy working-files manifest
narikiri2-an9j-save-fix	analysis/complete_build_manifest.json	working tree based on 0e18f64a488901a8a565fbcd9da8b7413aa91e10	fa1207182ca1661f3851a2ddcc4ce5e96a3d2ea305e0a0d4bb42c637fa71183c	historical investigation/reference	NO: historical/private data not selected for publication		PRIVATE_ARCHIVE_ONLY	Preserved by SHA-256 in the private working-file manifest; not a current product dependency.	baseline 102 / candidate 134 tests; exact ROM/BPS reproduction; see individual test map	private backup: legacy working-files manifest
narikiri2-an9j-save-fix	analysis/complete_build_preflight.md	working tree based on 0e18f64a488901a8a565fbcd9da8b7413aa91e10	29b2dbef5019c26434f5e9ef76c36daba7f6553dd924453e4e96976e6f78e3bb	historical investigation/reference	NO: historical/private data not selected for publication		PRIVATE_ARCHIVE_ONLY	Preserved by SHA-256 in the private working-file manifest; not a current product dependency.	baseline 102 / candidate 134 tests; exact ROM/BPS reproduction; see individual test map	private backup: legacy working-files manifest
narikiri2-an9j-save-fix	analysis/complete_development_manifest.json	working tree based on 0e18f64a488901a8a565fbcd9da8b7413aa91e10	e077abbf8d1b41d96f2e28359b659c061562fb9eb05806c7aec16b053bcf1dff	historical investigation/reference	NO: historical/private data not selected for publication		PRIVATE_ARCHIVE_ONLY	Preserved by SHA-256 in the private working-file manifest; not a current product dependency.	baseline 102 / candidate 134 tests; exact ROM/BPS reproduction; see individual test map	private backup: legacy working-files manifest
narikiri2-an9j-save-fix	analysis/complete_item_audit.json	working tree based on 0e18f64a488901a8a565fbcd9da8b7413aa91e10	b15b356225484af4d2b951757d208eabcbfc28238bacd737f70314aed1766dbc	historical investigation/reference	NO: historical/private data not selected for publication		PRIVATE_ARCHIVE_ONLY	Preserved by SHA-256 in the private working-file manifest; not a current product dependency.	baseline 102 / candidate 134 tests; exact ROM/BPS reproduction; see individual test map	private backup: legacy working-files manifest
narikiri2-an9j-save-fix	analysis/complete_item_inventory.csv	working tree based on 0e18f64a488901a8a565fbcd9da8b7413aa91e10	97abbbc66058486946108c7f14c1d3a40e240f194b0361bfe7286560a491c8b6	historical investigation/reference	NO: historical/private data not selected for publication		PRIVATE_ARCHIVE_ONLY	Preserved by SHA-256 in the private working-file manifest; not a current product dependency.	baseline 102 / candidate 134 tests; exact ROM/BPS reproduction; see individual test map	private backup: legacy working-files manifest
narikiri2-an9j-save-fix	analysis/complete_scope_summary.json	working tree based on 0e18f64a488901a8a565fbcd9da8b7413aa91e10	185e5e9210abbb2f7da90c11e6014b15056f93ab0c9fd92579d1576219770242	historical investigation/reference	NO: historical/private data not selected for publication		PRIVATE_ARCHIVE_ONLY	Preserved by SHA-256 in the private working-file manifest; not a current product dependency.	baseline 102 / candidate 134 tests; exact ROM/BPS reproduction; see individual test map	private backup: legacy working-files manifest
narikiri2-an9j-save-fix	analysis/complete_test_results.md	working tree based on 0e18f64a488901a8a565fbcd9da8b7413aa91e10	d8067b7e8491cf271cdea3fc3ef424b03988ee45d90df53747e673043cdcb881	historical investigation/reference	NO: historical/private data not selected for publication		PRIVATE_ARCHIVE_ONLY	Preserved by SHA-256 in the private working-file manifest; not a current product dependency.	baseline 102 / candidate 134 tests; exact ROM/BPS reproduction; see individual test map	private backup: legacy working-files manifest
narikiri2-an9j-save-fix	analysis/dalmoori_build_manifest.json	working tree based on 0e18f64a488901a8a565fbcd9da8b7413aa91e10	233f9b77c2fd7d8c66285fc20f61118222faad2db97576d5b4593eafa96dc0c9	historical investigation/reference	NO: historical/private data not selected for publication		PRIVATE_ARCHIVE_ONLY	Preserved by SHA-256 in the private working-file manifest; not a current product dependency.	baseline 102 / candidate 134 tests; exact ROM/BPS reproduction; see individual test map	private backup: legacy working-files manifest
narikiri2-an9j-save-fix	analysis/dalmoori_font_allocation.md	working tree based on 0e18f64a488901a8a565fbcd9da8b7413aa91e10	245322b6b0fecd7da971d0fd8677e96313ef4ab3d70bc04c1154dcee43a38bed	historical investigation/reference	NO: historical/private data not selected for publication		PRIVATE_ARCHIVE_ONLY	Preserved by SHA-256 in the private working-file manifest; not a current product dependency.	baseline 102 / candidate 134 tests; exact ROM/BPS reproduction; see individual test map	private backup: legacy working-files manifest
narikiri2-an9j-save-fix	analysis/dalmoori_font_diff_manifest.csv	working tree based on 0e18f64a488901a8a565fbcd9da8b7413aa91e10	2470e9386bb8a68c9f0d8e684d8fe708b95e56fdba72939d9de74d3e4a12ba04	historical investigation/reference	NO: historical/private data not selected for publication		PRIVATE_ARCHIVE_ONLY	Preserved by SHA-256 in the private working-file manifest; not a current product dependency.	baseline 102 / candidate 134 tests; exact ROM/BPS reproduction; see individual test map	private backup: legacy working-files manifest
narikiri2-an9j-save-fix	analysis/dalmoori_gate2_runtime.md	working tree based on 0e18f64a488901a8a565fbcd9da8b7413aa91e10	0a208e9b6f8c3ed1e473f7f4c02872e4ccc8333a226fa995a23f4fed9127b88e	historical investigation/reference	NO: historical/private data not selected for publication		PRIVATE_ARCHIVE_ONLY	Preserved by SHA-256 in the private working-file manifest; not a current product dependency.	baseline 102 / candidate 134 tests; exact ROM/BPS reproduction; see individual test map	private backup: legacy working-files manifest
narikiri2-an9j-save-fix	analysis/dalmoori_gate_matrix.csv	working tree based on 0e18f64a488901a8a565fbcd9da8b7413aa91e10	70e2875661ba7a129b64a3028a1026e42ce11ba4844d23e45fea4f9c0700e701	historical investigation/reference	NO: historical/private data not selected for publication		PRIVATE_ARCHIVE_ONLY	Preserved by SHA-256 in the private working-file manifest; not a current product dependency.	baseline 102 / candidate 134 tests; exact ROM/BPS reproduction; see individual test map	private backup: legacy working-files manifest
narikiri2-an9j-save-fix	analysis/dalmoori_preflight.md	working tree based on 0e18f64a488901a8a565fbcd9da8b7413aa91e10	2cf1a1adb6a89179abb2754709a7064cf1dd4e94079c491815992726e7419756	historical investigation/reference	NO: historical/private data not selected for publication		PRIVATE_ARCHIVE_ONLY	Preserved by SHA-256 in the private working-file manifest; not a current product dependency.	baseline 102 / candidate 134 tests; exact ROM/BPS reproduction; see individual test map	private backup: legacy working-files manifest
narikiri2-an9j-save-fix	analysis/dalmoori_test_results.md	working tree based on 0e18f64a488901a8a565fbcd9da8b7413aa91e10	0230ae03248f80b4afa662d0f696b514b6abe43576b9f3c9918bd9f09212af97	historical investigation/reference	NO: historical/private data not selected for publication		PRIVATE_ARCHIVE_ONLY	Preserved by SHA-256 in the private working-file manifest; not a current product dependency.	baseline 102 / candidate 134 tests; exact ROM/BPS reproduction; see individual test map	private backup: legacy working-files manifest
narikiri2-an9j-save-fix	analysis/dalmoori_visual_acceptance.md	working tree based on 0e18f64a488901a8a565fbcd9da8b7413aa91e10	b08348bd8b6fcc376f8919d8dad4ccc3d2a3e32a470bfdc441275f50730d65eb	historical investigation/reference	NO: historical/private data not selected for publication		PRIVATE_ARCHIVE_ONLY	Preserved by SHA-256 in the private working-file manifest; not a current product dependency.	baseline 102 / candidate 134 tests; exact ROM/BPS reproduction; see individual test map	private backup: legacy working-files manifest
narikiri2-an9j-save-fix	analysis/dalmoori_visual_test_matrix.csv	working tree based on 0e18f64a488901a8a565fbcd9da8b7413aa91e10	1bd5de551b7c41555e430cf2dc2ed5105aa611a4a1d008c5711405ad4949f519	historical investigation/reference	NO: historical/private data not selected for publication		PRIVATE_ARCHIVE_ONLY	Preserved by SHA-256 in the private working-file manifest; not a current product dependency.	baseline 102 / candidate 134 tests; exact ROM/BPS reproduction; see individual test map	private backup: legacy working-files manifest
narikiri2-an9j-save-fix	analysis/development_integrity_verification.json	working tree based on 0e18f64a488901a8a565fbcd9da8b7413aa91e10	b700196f95dfe14ee46fa941c3626bf3c331dc06c751930077543c5ade96cf54	historical investigation/reference	NO: historical/private data not selected for publication		PRIVATE_ARCHIVE_ONLY	Preserved by SHA-256 in the private working-file manifest; not a current product dependency.	baseline 102 / candidate 134 tests; exact ROM/BPS reproduction; see individual test map	private backup: legacy working-files manifest
narikiri2-an9j-save-fix	analysis/development_package_verification.json	working tree based on 0e18f64a488901a8a565fbcd9da8b7413aa91e10	36500338a38196ca9b4c2d5e6cb27b5466b797b57d9ecc4020222ce6eeac0088	historical investigation/reference	NO: historical/private data not selected for publication		PRIVATE_ARCHIVE_ONLY	Preserved by SHA-256 in the private working-file manifest; not a current product dependency.	baseline 102 / candidate 134 tests; exact ROM/BPS reproduction; see individual test map	private backup: legacy working-files manifest
narikiri2-an9j-save-fix	analysis/development_runtime_acceptance.json	working tree based on 0e18f64a488901a8a565fbcd9da8b7413aa91e10	34c26fc30d6ddae1756eca72d37f5b80a48fe4ae3c71982c49e6569a54579e29	historical investigation/reference	NO: historical/private data not selected for publication		PRIVATE_ARCHIVE_ONLY	Preserved by SHA-256 in the private working-file manifest; not a current product dependency.	baseline 102 / candidate 134 tests; exact ROM/BPS reproduction; see individual test map	private backup: legacy working-files manifest
narikiri2-an9j-save-fix	analysis/encyclopedia_text_inventory.csv	working tree based on 0e18f64a488901a8a565fbcd9da8b7413aa91e10	82a77aec7c3ef227430495c6cd701d27d5f1d3597f52ab2a7add0a5c8885cb91	historical investigation/reference	NO: historical/private data not selected for publication		PRIVATE_ARCHIVE_ONLY	Preserved by SHA-256 in the private working-file manifest; not a current product dependency.	baseline 102 / candidate 134 tests; exact ROM/BPS reproduction; see individual test map	private backup: legacy working-files manifest
narikiri2-an9j-save-fix	analysis/expanded_pointer_survey.csv	working tree based on 0e18f64a488901a8a565fbcd9da8b7413aa91e10	6bc0bd83ebdf23cec924233f558cf0f87289bcee8ddfa3a7eff67013f4ad7d7e	historical investigation/reference	NO: historical/private data not selected for publication		PRIVATE_ARCHIVE_ONLY	Preserved by SHA-256 in the private working-file manifest; not a current product dependency.	baseline 102 / candidate 134 tests; exact ROM/BPS reproduction; see individual test map	private backup: legacy working-files manifest
narikiri2-an9j-save-fix	analysis/expanded_pointer_survey.json	working tree based on 0e18f64a488901a8a565fbcd9da8b7413aa91e10	e7ad2c65704827ae0b00e59037eb471f87b57f5037d9efe6f56b6970ff6e789c	historical investigation/reference	NO: historical/private data not selected for publication		PRIVATE_ARCHIVE_ONLY	Preserved by SHA-256 in the private working-file manifest; not a current product dependency.	baseline 102 / candidate 134 tests; exact ROM/BPS reproduction; see individual test map	private backup: legacy working-files manifest
narikiri2-an9j-save-fix	analysis/extended_compact_summary.json	working tree based on 0e18f64a488901a8a565fbcd9da8b7413aa91e10	f69e5d4f8bb9b0471fde63b01d5aa09391875b1f4a91a30bd928bdcf03a2a91f	historical investigation/reference	NO: historical/private data not selected for publication		PRIVATE_ARCHIVE_ONLY	Preserved by SHA-256 in the private working-file manifest; not a current product dependency.	baseline 102 / candidate 134 tests; exact ROM/BPS reproduction; see individual test map	private backup: legacy working-files manifest
narikiri2-an9j-save-fix	analysis/final_diff_manifest.csv	working tree based on 0e18f64a488901a8a565fbcd9da8b7413aa91e10	a745f0f13fe1187f23611e7131af52bdc61d042af2b9dfb532d7eecca04f92f8	historical investigation/reference	NO: historical/private data not selected for publication		PRIVATE_ARCHIVE_ONLY	Preserved by SHA-256 in the private working-file manifest; not a current product dependency.	baseline 102 / candidate 134 tests; exact ROM/BPS reproduction; see individual test map	private backup: legacy working-files manifest
narikiri2-an9j-save-fix	analysis/final_diff_report.md	working tree based on 0e18f64a488901a8a565fbcd9da8b7413aa91e10	5096ae1c8c1d73e5aa3e96f12bd2b7a9c8d3a6c48bcacb2d16e8bee3aab75ac9	historical investigation/reference	NO: historical/private data not selected for publication		PRIVATE_ARCHIVE_ONLY	Preserved by SHA-256 in the private working-file manifest; not a current product dependency.	baseline 102 / candidate 134 tests; exact ROM/BPS reproduction; see individual test map	private backup: legacy working-files manifest
narikiri2-an9j-save-fix	analysis/final_hardware_acceptance.md	working tree based on 0e18f64a488901a8a565fbcd9da8b7413aa91e10	182efbcc9ca4b833e13aa5006ff68d1ec5b38487ab730e4e8d6282ec4976b72b	historical investigation/reference	NO: historical/private data not selected for publication		PRIVATE_ARCHIVE_ONLY	Preserved by SHA-256 in the private working-file manifest; not a current product dependency.	baseline 102 / candidate 134 tests; exact ROM/BPS reproduction; see individual test map	private backup: legacy working-files manifest
narikiri2-an9j-save-fix	analysis/final_visual_test_matrix.csv	working tree based on 0e18f64a488901a8a565fbcd9da8b7413aa91e10	15e537ae0ef5fa4c3a2062e98dae8ce3272d26f185deb15e234d4364719367a7	historical investigation/reference	NO: historical/private data not selected for publication		PRIVATE_ARCHIVE_ONLY	Preserved by SHA-256 in the private working-file manifest; not a current product dependency.	baseline 102 / candidate 134 tests; exact ROM/BPS reproduction; see individual test map	private backup: legacy working-files manifest
narikiri2-an9j-save-fix	analysis/font_bank_inventory.csv	working tree based on 0e18f64a488901a8a565fbcd9da8b7413aa91e10	325a61029f13af45b4abb2707bc8bf7888d255d256f13d84e857257c185e0768	historical investigation/reference	NO: historical/private data not selected for publication		PRIVATE_ARCHIVE_ONLY	Preserved by SHA-256 in the private working-file manifest; not a current product dependency.	baseline 102 / candidate 134 tests; exact ROM/BPS reproduction; see individual test map	private backup: legacy working-files manifest
narikiri2-an9j-save-fix	analysis/font_bank_map.md	working tree based on 0e18f64a488901a8a565fbcd9da8b7413aa91e10	180f4cd42f25300dcbf23096d21702684d1880ade8c44accf29afa54445ddc44	historical investigation/reference	NO: historical/private data not selected for publication		PRIVATE_ARCHIVE_ONLY	Preserved by SHA-256 in the private working-file manifest; not a current product dependency.	baseline 102 / candidate 134 tests; exact ROM/BPS reproduction; see individual test map	private backup: legacy working-files manifest
narikiri2-an9j-save-fix	analysis/generated-font-954b-9550.png	working tree based on 0e18f64a488901a8a565fbcd9da8b7413aa91e10	9f202be43d56e1abe837ed3ae224371c357f3bf90beef26c513f416e277ba047	historical investigation/reference	NO: historical/private data not selected for publication		PRIVATE_ARCHIVE_ONLY	Preserved by SHA-256 in the private working-file manifest; not a current product dependency.	baseline 102 / candidate 134 tests; exact ROM/BPS reproduction; see individual test map	private backup: legacy working-files manifest
narikiri2-an9j-save-fix	analysis/generated-font-9568-956e.png	working tree based on 0e18f64a488901a8a565fbcd9da8b7413aa91e10	50da19b8e21dc69901b45262ffd6468e96e09f78f256462a7bd8825227daaf12	historical investigation/reference	NO: historical/private data not selected for publication		PRIVATE_ARCHIVE_ONLY	Preserved by SHA-256 in the private working-file manifest; not a current product dependency.	baseline 102 / candidate 134 tests; exact ROM/BPS reproduction; see individual test map	private backup: legacy working-files manifest
narikiri2-an9j-save-fix	analysis/generated-font-95b0-95b7.png	working tree based on 0e18f64a488901a8a565fbcd9da8b7413aa91e10	27f5e20ee6d1c3d49ec41cb46c32d98d3078164f0c5e573686a3a89664f9341c	historical investigation/reference	NO: historical/private data not selected for publication		PRIVATE_ARCHIVE_ONLY	Preserved by SHA-256 in the private working-file manifest; not a current product dependency.	baseline 102 / candidate 134 tests; exact ROM/BPS reproduction; see individual test map	private backup: legacy working-files manifest
narikiri2-an9j-save-fix	analysis/generated-font-compact.png	working tree based on 0e18f64a488901a8a565fbcd9da8b7413aa91e10	56c648e8d8ec6a24a021b9d93d2dbfae661c08e2c00ce2e4d4dec5109b6d4101	historical investigation/reference	NO: historical/private data not selected for publication		PRIVATE_ARCHIVE_ONLY	Preserved by SHA-256 in the private working-file manifest; not a current product dependency.	baseline 102 / candidate 134 tests; exact ROM/BPS reproduction; see individual test map	private backup: legacy working-files manifest
narikiri2-an9j-save-fix	analysis/generated-font-known.png	working tree based on 0e18f64a488901a8a565fbcd9da8b7413aa91e10	e534555ce116d287760a7e056e681c5b1ab870888cec65e780cf4f598fdf571a	historical investigation/reference	NO: historical/private data not selected for publication		PRIVATE_ARCHIVE_ONLY	Preserved by SHA-256 in the private working-file manifest; not a current product dependency.	baseline 102 / candidate 134 tests; exact ROM/BPS reproduction; see individual test map	private backup: legacy working-files manifest
narikiri2-an9j-save-fix	analysis/generated-font-newnames.png	working tree based on 0e18f64a488901a8a565fbcd9da8b7413aa91e10	1a9843a7ba1eeb9c31945dce017c115b4bda234111d62ffcaffc1c91b32d17cc	historical investigation/reference	NO: historical/private data not selected for publication		PRIVATE_ARCHIVE_ONLY	Preserved by SHA-256 in the private working-file manifest; not a current product dependency.	baseline 102 / candidate 134 tests; exact ROM/BPS reproduction; see individual test map	private backup: legacy working-files manifest
narikiri2-an9j-save-fix	analysis/generated-font-poc2-custom.png	working tree based on 0e18f64a488901a8a565fbcd9da8b7413aa91e10	bf468bab618151259fd3d5081e105199a963a9b5b0370600d8695666ae4a6c89	historical investigation/reference	NO: historical/private data not selected for publication		PRIVATE_ARCHIVE_ONLY	Preserved by SHA-256 in the private working-file manifest; not a current product dependency.	baseline 102 / candidate 134 tests; exact ROM/BPS reproduction; see individual test map	private backup: legacy working-files manifest
narikiri2-an9j-save-fix	analysis/generated-vbam-custom-glyphs.png	working tree based on 0e18f64a488901a8a565fbcd9da8b7413aa91e10	a7b3cbbeeb4d733f326cdb50da04d796ac7971269fa9940e216d99ac46624650	historical investigation/reference	NO: historical/private data not selected for publication		PRIVATE_ARCHIVE_ONLY	Preserved by SHA-256 in the private working-file manifest; not a current product dependency.	baseline 102 / candidate 134 tests; exact ROM/BPS reproduction; see individual test map	private backup: legacy working-files manifest
narikiri2-an9j-save-fix	analysis/generated-vbam-firsts-a1.png	working tree based on 0e18f64a488901a8a565fbcd9da8b7413aa91e10	42a9a92b454518bd7317c89887f918b667d1d46919fc4ec95e68c3a993255f57	historical investigation/reference	NO: historical/private data not selected for publication		PRIVATE_ARCHIVE_ONLY	Preserved by SHA-256 in the private working-file manifest; not a current product dependency.	baseline 102 / candidate 134 tests; exact ROM/BPS reproduction; see individual test map	private backup: legacy working-files manifest
narikiri2-an9j-save-fix	analysis/generated-vbam-firsts-kana-a8.png	working tree based on 0e18f64a488901a8a565fbcd9da8b7413aa91e10	714350a636bec596f643f2522ba0558999733851139247b501ca213ba6e5090f	historical investigation/reference	NO: historical/private data not selected for publication		PRIVATE_ARCHIVE_ONLY	Preserved by SHA-256 in the private working-file manifest; not a current product dependency.	baseline 102 / candidate 134 tests; exact ROM/BPS reproduction; see individual test map	private backup: legacy working-files manifest
narikiri2-an9j-save-fix	analysis/generated-vbam-pairs-21-a.png	working tree based on 0e18f64a488901a8a565fbcd9da8b7413aa91e10	2d1b4b5127ffaef91808b36b20b9512d2ae828bc717019aa6503e12624b66749	historical investigation/reference	NO: historical/private data not selected for publication		PRIVATE_ARCHIVE_ONLY	Preserved by SHA-256 in the private working-file manifest; not a current product dependency.	baseline 102 / candidate 134 tests; exact ROM/BPS reproduction; see individual test map	private backup: legacy working-files manifest
narikiri2-an9j-save-fix	analysis/generated-vbam-pairs-21-d7-df.png	working tree based on 0e18f64a488901a8a565fbcd9da8b7413aa91e10	f0dc9e77fd112eb9ebdeb50a605a2bf19fef0114df179b819652b9b472bf9f6d	historical investigation/reference	NO: historical/private data not selected for publication		PRIVATE_ARCHIVE_ONLY	Preserved by SHA-256 in the private working-file manifest; not a current product dependency.	baseline 102 / candidate 134 tests; exact ROM/BPS reproduction; see individual test map	private backup: legacy working-files manifest
narikiri2-an9j-save-fix	analysis/generated-vbam-pairs-21-large.png	working tree based on 0e18f64a488901a8a565fbcd9da8b7413aa91e10	a5e5cb8eaac8f4e17c9a2e877de9e5e92d84775990d7786da61d365f8e84f239	historical investigation/reference	NO: historical/private data not selected for publication		PRIVATE_ARCHIVE_ONLY	Preserved by SHA-256 in the private working-file manifest; not a current product dependency.	baseline 102 / candidate 134 tests; exact ROM/BPS reproduction; see individual test map	private backup: legacy working-files manifest
narikiri2-an9j-save-fix	analysis/generated-vbam-pairs-21.png	working tree based on 0e18f64a488901a8a565fbcd9da8b7413aa91e10	5d8d8ef086931ac3529e6a29ebc1ae010d42796e506c80e7019c13d578a2b5e2	historical investigation/reference	NO: historical/private data not selected for publication		PRIVATE_ARCHIVE_ONLY	Preserved by SHA-256 in the private working-file manifest; not a current product dependency.	baseline 102 / candidate 134 tests; exact ROM/BPS reproduction; see individual test map	private backup: legacy working-files manifest
narikiri2-an9j-save-fix	analysis/generated-vbam-pairs-27.png	working tree based on 0e18f64a488901a8a565fbcd9da8b7413aa91e10	bfadf50a5c8654cf9c69833ec7bae1f03f22c52ba51ad994b3809dae6b02adc7	historical investigation/reference	NO: historical/private data not selected for publication		PRIVATE_ARCHIVE_ONLY	Preserved by SHA-256 in the private working-file manifest; not a current product dependency.	baseline 102 / candidate 134 tests; exact ROM/BPS reproduction; see individual test map	private backup: legacy working-files manifest
narikiri2-an9j-save-fix	analysis/generated-vbam-pairs-known.png	working tree based on 0e18f64a488901a8a565fbcd9da8b7413aa91e10	50c1a7371cdc3cec27790d5b926ce3bb070e1fa273c40c90c14f9cf675fd47af	historical investigation/reference	NO: historical/private data not selected for publication		PRIVATE_ARCHIVE_ONLY	Preserved by SHA-256 in the private working-file manifest; not a current product dependency.	baseline 102 / candidate 134 tests; exact ROM/BPS reproduction; see individual test map	private backup: legacy working-files manifest
narikiri2-an9j-save-fix	analysis/generated-vbam-pairs-special.png	working tree based on 0e18f64a488901a8a565fbcd9da8b7413aa91e10	9f6fcbeb1198722a458cd77ff40abfa16bc61b99414742b65f4c23b271b2fdd1	historical investigation/reference	NO: historical/private data not selected for publication		PRIVATE_ARCHIVE_ONLY	Preserved by SHA-256 in the private working-file manifest; not a current product dependency.	baseline 102 / candidate 134 tests; exact ROM/BPS reproduction; see individual test map	private backup: legacy working-files manifest
narikiri2-an9j-save-fix	analysis/generated-vbam-poc2-names.png	working tree based on 0e18f64a488901a8a565fbcd9da8b7413aa91e10	03d74a17ac2754dc08884e671c42fa0b60e9b9db226229b031f3857a2f4c6bae	historical investigation/reference	NO: historical/private data not selected for publication		PRIVATE_ARCHIVE_ONLY	Preserved by SHA-256 in the private working-file manifest; not a current product dependency.	baseline 102 / candidate 134 tests; exact ROM/BPS reproduction; see individual test map	private backup: legacy working-files manifest
narikiri2-an9j-save-fix	analysis/generated-vbam-singles-3b-7e.png	working tree based on 0e18f64a488901a8a565fbcd9da8b7413aa91e10	72a575f02568117ca4909cfbd92dee5c629330eefe23c067bd8e95ff6a336f23	historical investigation/reference	NO: historical/private data not selected for publication		PRIVATE_ARCHIVE_ONLY	Preserved by SHA-256 in the private working-file manifest; not a current product dependency.	baseline 102 / candidate 134 tests; exact ROM/BPS reproduction; see individual test map	private backup: legacy working-files manifest
narikiri2-an9j-save-fix	analysis/generated-vbam-singles-a1-df.png	working tree based on 0e18f64a488901a8a565fbcd9da8b7413aa91e10	3e04f77f0a14101ed31b67f5ec6ed57e4ba15c32281487500fda508e3ccdec7e	historical investigation/reference	NO: historical/private data not selected for publication		PRIVATE_ARCHIVE_ONLY	Preserved by SHA-256 in the private working-file manifest; not a current product dependency.	baseline 102 / candidate 134 tests; exact ROM/BPS reproduction; see individual test map	private backup: legacy working-files manifest
narikiri2-an9j-save-fix	analysis/generated-vbam-singles-grid.png	working tree based on 0e18f64a488901a8a565fbcd9da8b7413aa91e10	3ca59162f777cd79ef8d8811a14ff8655e9b41da2c0f2ce0d1e89b88f66cf74f	historical investigation/reference	NO: historical/private data not selected for publication		PRIVATE_ARCHIVE_ONLY	Preserved by SHA-256 in the private working-file manifest; not a current product dependency.	baseline 102 / candidate 134 tests; exact ROM/BPS reproduction; see individual test map	private backup: legacy working-files manifest
narikiri2-an9j-save-fix	analysis/generated-vbam-ui-font.png	working tree based on 0e18f64a488901a8a565fbcd9da8b7413aa91e10	8edb819e004bb58bb5755c33b4eeadbe5309d09bad8fd45970a82aa4038f6046	historical investigation/reference	NO: historical/private data not selected for publication		PRIVATE_ARCHIVE_ONLY	Preserved by SHA-256 in the private working-file manifest; not a current product dependency.	baseline 102 / candidate 134 tests; exact ROM/BPS reproduction; see individual test map	private backup: legacy working-files manifest
narikiri2-an9j-save-fix	analysis/generated-vbam-ui-tiles.png	working tree based on 0e18f64a488901a8a565fbcd9da8b7413aa91e10	d9d62ec85e713b11be54d9f5686bc060e11ec0696dc97333eb007312b5310fe0	historical investigation/reference	NO: historical/private data not selected for publication		PRIVATE_ARCHIVE_ONLY	Preserved by SHA-256 in the private working-file manifest; not a current product dependency.	baseline 102 / candidate 134 tests; exact ROM/BPS reproduction; see individual test map	private backup: legacy working-files manifest
narikiri2-an9j-save-fix	analysis/glyph_coverage.csv	working tree based on 0e18f64a488901a8a565fbcd9da8b7413aa91e10	03f6655fe8786eaad2f4551c93699c65414e779ef2c58945b60658cd0b819ce6	historical investigation/reference	NO: historical/private data not selected for publication		PRIVATE_ARCHIVE_ONLY	Preserved by SHA-256 in the private working-file manifest; not a current product dependency.	baseline 102 / candidate 134 tests; exact ROM/BPS reproduction; see individual test map	private backup: legacy working-files manifest
narikiri2-an9j-save-fix	analysis/input_verification.md	working tree based on 0e18f64a488901a8a565fbcd9da8b7413aa91e10	fc7de34308c3c4909272794b94102b036ee3b2ccd5f7b93c64167e68611c3296	historical investigation/reference	NO: historical/private data not selected for publication		PRIVATE_ARCHIVE_ONLY	Preserved by SHA-256 in the private working-file manifest; not a current product dependency.	baseline 102 / candidate 134 tests; exact ROM/BPS reproduction; see individual test map	private backup: legacy working-files manifest
narikiri2-an9j-save-fix	analysis/intentional_residue_allowlist.yaml	working tree based on 0e18f64a488901a8a565fbcd9da8b7413aa91e10	9dcb904ab240a5118169894c6c9b5ce416c56788fecd376a2b2c93208c3d297a	historical investigation/reference	NO: historical/private data not selected for publication		PRIVATE_ARCHIVE_ONLY	Preserved by SHA-256 in the private working-file manifest; not a current product dependency.	baseline 102 / candidate 134 tests; exact ROM/BPS reproduction; see individual test map	private backup: legacy working-files manifest
narikiri2-an9j-save-fix	analysis/item_name_renderer_issue.md	working tree based on 0e18f64a488901a8a565fbcd9da8b7413aa91e10	97e65fae3e97e63fe4a45151f10b808f59191800f49073e9d3d45470d452057b	historical investigation/reference	NO: historical/private data not selected for publication		PRIVATE_ARCHIVE_ONLY	Preserved by SHA-256 in the private working-file manifest; not a current product dependency.	baseline 102 / candidate 134 tests; exact ROM/BPS reproduction; see individual test map	private backup: legacy working-files manifest
narikiri2-an9j-save-fix	analysis/item_name_spacing_audit.csv	working tree based on 0e18f64a488901a8a565fbcd9da8b7413aa91e10	8b64d698a4a2e870a5a4d0997f988075b66eaec11576aa26e135643ff4b756aa	historical investigation/reference	NO: historical/private data not selected for publication		PRIVATE_ARCHIVE_ONLY	Preserved by SHA-256 in the private working-file manifest; not a current product dependency.	baseline 102 / candidate 134 tests; exact ROM/BPS reproduction; see individual test map	private backup: legacy working-files manifest
narikiri2-an9j-save-fix	analysis/item_name_spacing_dalmoori.csv	working tree based on 0e18f64a488901a8a565fbcd9da8b7413aa91e10	72e44b6656f0e1b6877859d7fe03a6e447fc7e440dd1eef717a75e546581417c	historical investigation/reference	NO: historical/private data not selected for publication		PRIVATE_ARCHIVE_ONLY	Preserved by SHA-256 in the private working-file manifest; not a current product dependency.	baseline 102 / candidate 134 tests; exact ROM/BPS reproduction; see individual test map	private backup: legacy working-files manifest
narikiri2-an9j-save-fix	analysis/item_name_spacing_final.csv	working tree based on 0e18f64a488901a8a565fbcd9da8b7413aa91e10	26a41b0ec44af34e8d25fd48dc63df0aadaabbf3b1d8029316b5b94f3bf8052e	historical investigation/reference	NO: historical/private data not selected for publication		PRIVATE_ARCHIVE_ONLY	Preserved by SHA-256 in the private working-file manifest; not a current product dependency.	baseline 102 / candidate 134 tests; exact ROM/BPS reproduction; see individual test map	private backup: legacy working-files manifest
narikiri2-an9j-save-fix	analysis/item_readability_revision.md	working tree based on 0e18f64a488901a8a565fbcd9da8b7413aa91e10	4f3e35707f9140a878d2ea47a7b2de1f0ca60f8bbb8c684c4adc62abc1a424b4	historical investigation/reference	NO: historical/private data not selected for publication		PRIVATE_ARCHIVE_ONLY	Preserved by SHA-256 in the private working-file manifest; not a current product dependency.	baseline 102 / candidate 134 tests; exact ROM/BPS reproduction; see individual test map	private backup: legacy working-files manifest
narikiri2-an9j-save-fix	analysis/item_spacing_summary.json	working tree based on 0e18f64a488901a8a565fbcd9da8b7413aa91e10	ce01e5bb5e7406606396fb3027f2dd0fc68cbc2d8e4de66ff3fa4aafb5993233	historical investigation/reference	NO: historical/private data not selected for publication		PRIVATE_ARCHIVE_ONLY	Preserved by SHA-256 in the private working-file manifest; not a current product dependency.	baseline 102 / candidate 134 tests; exact ROM/BPS reproduction; see individual test map	private backup: legacy working-files manifest
narikiri2-an9j-save-fix	analysis/item_text_entries.json	working tree based on 0e18f64a488901a8a565fbcd9da8b7413aa91e10	dfb9dd82c2fce3d40cb68cb08cdc97d33118e66ed7831596ce0fa760f04d8d3b	historical investigation/reference	NO: historical/private data not selected for publication		PRIVATE_ARCHIVE_ONLY	Preserved by SHA-256 in the private working-file manifest; not a current product dependency.	baseline 102 / candidate 134 tests; exact ROM/BPS reproduction; see individual test map	private backup: legacy working-files manifest
narikiri2-an9j-save-fix	analysis/korean_glossary.csv	working tree based on 0e18f64a488901a8a565fbcd9da8b7413aa91e10	fa3168bd1b6625c57f50d9c805a08dd01cca1121af57abc4fd79e298cdc0e04c	historical investigation/reference	NO: historical/private data not selected for publication		PRIVATE_ARCHIVE_ONLY	Preserved by SHA-256 in the private working-file manifest; not a current product dependency.	baseline 102 / candidate 134 tests; exact ROM/BPS reproduction; see individual test map	private backup: legacy working-files manifest
narikiri2-an9j-save-fix	analysis/legacy_history_audit.json	working tree based on 0e18f64a488901a8a565fbcd9da8b7413aa91e10	d6498a6c9403b9fee49e974822dfb066dd7e99f7ff6043a1544493ff576c68d8	historical investigation/reference	NO: historical/private data not selected for publication		PRIVATE_ARCHIVE_ONLY	Preserved by SHA-256 in the private working-file manifest; not a current product dependency.	baseline 102 / candidate 134 tests; exact ROM/BPS reproduction; see individual test map	private backup: legacy working-files manifest
narikiri2-an9j-save-fix	analysis/missing_glyphs.csv	working tree based on 0e18f64a488901a8a565fbcd9da8b7413aa91e10	7a8e7f054eb911e284e23b713464227c7f7a3c037e54410046efefae3deb9bed	historical investigation/reference	NO: historical/private data not selected for publication		PRIVATE_ARCHIVE_ONLY	Preserved by SHA-256 in the private working-file manifest; not a current product dependency.	baseline 102 / candidate 134 tests; exact ROM/BPS reproduction; see individual test map	private backup: legacy working-files manifest
narikiri2-an9j-save-fix	analysis/poc2_visual_acceptance.md	working tree based on 0e18f64a488901a8a565fbcd9da8b7413aa91e10	214175d421b440dd78f6b01d11f4000f065da1dba792ba9daca8a7fcb0f10868	historical investigation/reference	NO: historical/private data not selected for publication		PRIVATE_ARCHIVE_ONLY	Preserved by SHA-256 in the private working-file manifest; not a current product dependency.	baseline 102 / candidate 134 tests; exact ROM/BPS reproduction; see individual test map	private backup: legacy working-files manifest
narikiri2-an9j-save-fix	analysis/pointer_relocations.csv	working tree based on 0e18f64a488901a8a565fbcd9da8b7413aa91e10	e4e5896dc40b3af7e0f9b236c725092ed9f34d4b7c33a7ac4f39be53c2369b49	historical investigation/reference	NO: historical/private data not selected for publication		PRIVATE_ARCHIVE_ONLY	Preserved by SHA-256 in the private working-file manifest; not a current product dependency.	baseline 102 / candidate 134 tests; exact ROM/BPS reproduction; see individual test map	private backup: legacy working-files manifest
narikiri2-an9j-save-fix	analysis/private_font_extension_design.md	working tree based on 0e18f64a488901a8a565fbcd9da8b7413aa91e10	4e408d2b9585cb7b405058d7aac782b1dab9481f4b1afdd82a615a97e4140976	historical investigation/reference	NO: historical/private data not selected for publication		PRIVATE_ARCHIVE_ONLY	Preserved by SHA-256 in the private working-file manifest; not a current product dependency.	baseline 102 / candidate 134 tests; exact ROM/BPS reproduction; see individual test map	private backup: legacy working-files manifest
narikiri2-an9j-save-fix	analysis/required_8x8_codepoints.csv	working tree based on 0e18f64a488901a8a565fbcd9da8b7413aa91e10	d59eadf6a58507fdea1f7e1e81d5a5532638a93913e20e4925a2076a154c386d	historical investigation/reference	NO: historical/private data not selected for publication		PRIVATE_ARCHIVE_ONLY	Preserved by SHA-256 in the private working-file manifest; not a current product dependency.	baseline 102 / candidate 134 tests; exact ROM/BPS reproduction; see individual test map	private backup: legacy working-files manifest
narikiri2-an9j-save-fix	analysis/resume_unit_tests.txt	working tree based on 0e18f64a488901a8a565fbcd9da8b7413aa91e10	1841e95f59a380fa94d1648c083a3ecab4cec36eaf9c7743c42f0db60816f5e7	historical investigation/reference	NO: historical/private data not selected for publication		PRIVATE_ARCHIVE_ONLY	Preserved by SHA-256 in the private working-file manifest; not a current product dependency.	baseline 102 / candidate 134 tests; exact ROM/BPS reproduction; see individual test map	private backup: legacy working-files manifest
narikiri2-an9j-save-fix	analysis/runtime_observations.md	working tree based on 0e18f64a488901a8a565fbcd9da8b7413aa91e10	5942a3f7e2990122d11b110e83a93123675dd2f66a5da2ff1bf5c01e42d98c26	historical investigation/reference	NO: historical/private data not selected for publication		PRIVATE_ARCHIVE_ONLY	Preserved by SHA-256 in the private working-file manifest; not a current product dependency.	baseline 102 / candidate 134 tests; exact ROM/BPS reproduction; see individual test map	private backup: legacy working-files manifest
narikiri2-an9j-save-fix	analysis/save_compatibility.md	working tree based on 0e18f64a488901a8a565fbcd9da8b7413aa91e10	1db118b6c60e62614418da578a26a656793d6f4a0e796830ba8419b6c3c0eef4	historical investigation/reference	NO: historical/private data not selected for publication		PRIVATE_ARCHIVE_ONLY	Preserved by SHA-256 in the private working-file manifest; not a current product dependency.	baseline 102 / candidate 134 tests; exact ROM/BPS reproduction; see individual test map	private backup: legacy working-files manifest
narikiri2-an9j-save-fix	analysis/save_root_cause.md	working tree based on 0e18f64a488901a8a565fbcd9da8b7413aa91e10	1a942f22d5809eceec0f2f079804ff42a17cac68c88132345dcab3a7f5e19655	historical investigation/reference	NO: historical/private data not selected for publication		PRIVATE_ARCHIVE_ONLY	Preserved by SHA-256 in the private working-file manifest; not a current product dependency.	baseline 102 / candidate 134 tests; exact ROM/BPS reproduction; see individual test map	private backup: legacy working-files manifest
narikiri2-an9j-save-fix	analysis/save_test_matrix.csv	working tree based on 0e18f64a488901a8a565fbcd9da8b7413aa91e10	7a81f78269a911b55bb0cef4d17787c35d7bd5c1f90d9f91ddf6b101a8cbb4eb	historical investigation/reference	NO: historical/private data not selected for publication		PRIVATE_ARCHIVE_ONLY	Preserved by SHA-256 in the private working-file manifest; not a current product dependency.	baseline 102 / candidate 134 tests; exact ROM/BPS reproduction; see individual test map	private backup: legacy working-files manifest
narikiri2-an9j-save-fix	analysis/text_encoding.json	working tree based on 0e18f64a488901a8a565fbcd9da8b7413aa91e10	bc39ee5f6fae2ad9a53af3157f747aaa9d082e8170afc65a46b2edf3c2c3f0fc	historical investigation/reference	NO: historical/private data not selected for publication		PRIVATE_ARCHIVE_ONLY	Preserved by SHA-256 in the private working-file manifest; not a current product dependency.	baseline 102 / candidate 134 tests; exact ROM/BPS reproduction; see individual test map	private backup: legacy working-files manifest
narikiri2-an9j-save-fix	analysis/text_format.md	working tree based on 0e18f64a488901a8a565fbcd9da8b7413aa91e10	7fd9fe2c8f830485dbf8fe8f837d27d743dc35cf36889e34ee3f2147cd4e49f2	historical investigation/reference	NO: historical/private data not selected for publication		PRIVATE_ARCHIVE_ONLY	Preserved by SHA-256 in the private working-file manifest; not a current product dependency.	baseline 102 / candidate 134 tests; exact ROM/BPS reproduction; see individual test map	private backup: legacy working-files manifest
narikiri2-an9j-save-fix	analysis/translation_review.csv	working tree based on 0e18f64a488901a8a565fbcd9da8b7413aa91e10	205aac039bf1d442bb37459782d50806ceab21236111a2cd619215ae48b6e552	historical investigation/reference	NO: historical/private data not selected for publication		PRIVATE_ARCHIVE_ONLY	Preserved by SHA-256 in the private working-file manifest; not a current product dependency.	baseline 102 / candidate 134 tests; exact ROM/BPS reproduction; see individual test map	private backup: legacy working-files manifest
narikiri2-an9j-save-fix	analysis/translation_review_required.csv	working tree based on 0e18f64a488901a8a565fbcd9da8b7413aa91e10	9bf14d97f52a6f973e336db6d462de8dcb48c3fa023aa85be9ddfefadf2af485	historical investigation/reference	NO: historical/private data not selected for publication		PRIVATE_ARCHIVE_ONLY	Preserved by SHA-256 in the private working-file manifest; not a current product dependency.	baseline 102 / candidate 134 tests; exact ROM/BPS reproduction; see individual test map	private backup: legacy working-files manifest
narikiri2-an9j-save-fix	analysis/untranslated_graphics.csv	working tree based on 0e18f64a488901a8a565fbcd9da8b7413aa91e10	9b51378442ed0a21d8de286f460090e6a5de9c96657e1b4b5da9aec7ffcce65b	historical investigation/reference	NO: historical/private data not selected for publication		PRIVATE_ARCHIVE_ONLY	Preserved by SHA-256 in the private working-file manifest; not a current product dependency.	baseline 102 / candidate 134 tests; exact ROM/BPS reproduction; see individual test map	private backup: legacy working-files manifest
narikiri2-an9j-save-fix	analysis/untranslated_strings.csv	working tree based on 0e18f64a488901a8a565fbcd9da8b7413aa91e10	2bf73ae7c46d62e5a5922057ffa891d5045552bbe07cf47e3e10101a84de4ded	historical investigation/reference	NO: historical/private data not selected for publication		PRIVATE_ARCHIVE_ONLY	Preserved by SHA-256 in the private working-file manifest; not a current product dependency.	baseline 102 / candidate 134 tests; exact ROM/BPS reproduction; see individual test map	private backup: legacy working-files manifest
narikiri2-an9j-save-fix	asm/banked_actor_format_string.s	working tree based on 0e18f64a488901a8a565fbcd9da8b7413aa91e10	d630bc433970419cdafa5af71bae608fd85a6e7852a30b7d07f45b116546486b	current implementation/input	Existing canonical authored source/contract	asm/banked_actor_format_string.s	ALREADY_PRESENT	Byte-for-byte equal after LF normalization; current local regression and frozen-product reproduction.	baseline 102 / candidate 134 tests; exact ROM/BPS reproduction; see individual test map	private backup: legacy working-files manifest
narikiri2-an9j-save-fix	asm/banked_actor_monster_init.s	working tree based on 0e18f64a488901a8a565fbcd9da8b7413aa91e10	e50862f4e3603f1a50e1f0643de51518898918af36e0428b1706b4e4f24582c0	current implementation/input	Existing canonical authored source/contract	asm/banked_actor_monster_init.s	ALREADY_PRESENT	Byte-for-byte equal after LF normalization; current local regression and frozen-product reproduction.	baseline 102 / candidate 134 tests; exact ROM/BPS reproduction; see individual test map	private backup: legacy working-files manifest
narikiri2-an9j-save-fix	asm/banked_actor_name_resolve.s	working tree based on 0e18f64a488901a8a565fbcd9da8b7413aa91e10	efd43e879850cca12fffc576a475a4e48ab2c3679fcf126ed65a720ae12193d8	current implementation/input	Existing canonical authored source/contract	asm/banked_actor_name_resolve.s	ALREADY_PRESENT	Byte-for-byte equal after LF normalization; current local regression and frozen-product reproduction.	baseline 102 / candidate 134 tests; exact ROM/BPS reproduction; see individual test map	private backup: legacy working-files manifest
narikiri2-an9j-save-fix	asm/banked_actor_name_store.s	working tree based on 0e18f64a488901a8a565fbcd9da8b7413aa91e10	2d4417b82903989eca513713e868303a3d2cbdc3300ed91a89673abfa927ac60	current implementation/input	Existing canonical authored source/contract	asm/banked_actor_name_store.s	ALREADY_PRESENT	Byte-for-byte equal after LF normalization; current local regression and frozen-product reproduction.	baseline 102 / candidate 134 tests; exact ROM/BPS reproduction; see individual test map	private backup: legacy working-files manifest
narikiri2-an9j-save-fix	asm/banked_actor_party_init.s	working tree based on 0e18f64a488901a8a565fbcd9da8b7413aa91e10	4092ece17616241397d4dcd166592eba36e5e9eedfde9b4f7a7e20af398d6715	current implementation/input	Existing canonical authored source/contract	asm/banked_actor_party_init.s	ALREADY_PRESENT	Byte-for-byte equal after LF normalization; current local regression and frozen-product reproduction.	baseline 102 / candidate 134 tests; exact ROM/BPS reproduction; see individual test map	private backup: legacy working-files manifest
narikiri2-an9j-save-fix	asm/banked_actor_small_entry.s	working tree based on 0e18f64a488901a8a565fbcd9da8b7413aa91e10	b44b5bec21c466ffe05efbd71cd73e71a250cc1748a0971c4cdcee7622747af8	current implementation/input	Existing canonical authored source/contract	asm/banked_actor_small_entry.s	ALREADY_PRESENT	Byte-for-byte equal after LF normalization; current local regression and frozen-product reproduction.	baseline 102 / candidate 134 tests; exact ROM/BPS reproduction; see individual test map	private backup: legacy working-files manifest
narikiri2-an9j-save-fix	asm/banked_battle_font_upload.s	working tree based on 0e18f64a488901a8a565fbcd9da8b7413aa91e10	70cf3f7d3f6c5eba653b475e9592450e09ff0e401ec532e6278245fe37525ccf	current implementation/input	Existing canonical authored source/contract	asm/banked_battle_font_upload.s	ALREADY_PRESENT	Byte-for-byte equal after LF normalization; current local regression and frozen-product reproduction.	baseline 102 / candidate 134 tests; exact ROM/BPS reproduction; see individual test map	private backup: legacy working-files manifest
narikiri2-an9j-save-fix	asm/banked_convert.s	working tree based on 0e18f64a488901a8a565fbcd9da8b7413aa91e10	c2ef26808fe06051c2491fca5c479b8304d539a0a146387ea7c5d643124af807	current implementation/input	Existing canonical authored source/contract	asm/banked_convert.s	ALREADY_PRESENT	Byte-for-byte equal after LF normalization; current local regression and frozen-product reproduction.	baseline 102 / candidate 134 tests; exact ROM/BPS reproduction; see individual test map	private backup: legacy working-files manifest
narikiri2-an9j-save-fix	asm/banked_decode.s	working tree based on 0e18f64a488901a8a565fbcd9da8b7413aa91e10	a67307c8134669eaefaa63810f40135774a19ef9373ecdbc4ffd68ade775544e	current implementation/input	Existing canonical authored source/contract	asm/banked_decode.s	ALREADY_PRESENT	Byte-for-byte equal after LF normalization; current local regression and frozen-product reproduction.	baseline 102 / candidate 134 tests; exact ROM/BPS reproduction; see individual test map	private backup: legacy working-files manifest
narikiri2-an9j-save-fix	asm/banked_full_name.s	working tree based on 0e18f64a488901a8a565fbcd9da8b7413aa91e10	98f5cb24f3510f866bb4abe8d0639576a823eb05d57901a381e3dde90c9fbe04	current implementation/input	Existing canonical authored source/contract	asm/banked_full_name.s	ALREADY_PRESENT	Byte-for-byte equal after LF normalization; current local regression and frozen-product reproduction.	baseline 102 / candidate 134 tests; exact ROM/BPS reproduction; see individual test map	private backup: legacy working-files manifest
narikiri2-an9j-save-fix	asm/banked_get_tile.s	working tree based on 0e18f64a488901a8a565fbcd9da8b7413aa91e10	d34d1ba9f0c2de7df560212d4061a488ead932c640737934443bee14385f0900	current implementation/input	Existing canonical authored source/contract	asm/banked_get_tile.s	ALREADY_PRESENT	Byte-for-byte equal after LF normalization; current local regression and frozen-product reproduction.	baseline 102 / candidate 134 tests; exact ROM/BPS reproduction; see individual test map	private backup: legacy working-files manifest
narikiri2-an9j-save-fix	asm/banked_name_commit.s	working tree based on 0e18f64a488901a8a565fbcd9da8b7413aa91e10	a39d283355414c7892f0950ebd1e10f74b973a654c9e82aa2f32fe586780359a	current implementation/input	Existing canonical authored source/contract	asm/banked_name_commit.s	ALREADY_PRESENT	Byte-for-byte equal after LF normalization; current local regression and frozen-product reproduction.	baseline 102 / candidate 134 tests; exact ROM/BPS reproduction; see individual test map	private backup: legacy working-files manifest
narikiri2-an9j-save-fix	asm/banked_name_import.s	working tree based on 0e18f64a488901a8a565fbcd9da8b7413aa91e10	66262af1b6bff876a8460ccba91f83b49eb5a11b9d00593f37f73ad7d28d51fb	current implementation/input	Existing canonical authored source/contract	asm/banked_name_import.s	ALREADY_PRESENT	Byte-for-byte equal after LF normalization; current local regression and frozen-product reproduction.	baseline 102 / candidate 134 tests; exact ROM/BPS reproduction; see individual test map	private backup: legacy working-files manifest
narikiri2-an9j-save-fix	asm/banked_name_init_first.s	working tree based on 0e18f64a488901a8a565fbcd9da8b7413aa91e10	67feb8bc5d4a547b03c7e95b37f412aadf046a406b23a7c5d0e061ec6472daf9	current implementation/input	Existing canonical authored source/contract	asm/banked_name_init_first.s	ALREADY_PRESENT	Byte-for-byte equal after LF normalization; current local regression and frozen-product reproduction.	baseline 102 / candidate 134 tests; exact ROM/BPS reproduction; see individual test map	private backup: legacy working-files manifest
narikiri2-an9j-save-fix	asm/banked_name_init_second.s	working tree based on 0e18f64a488901a8a565fbcd9da8b7413aa91e10	71b0a1a1e24ec41a3183eadf208661db93b51d198056031ebae2e0b585c75966	current implementation/input	Existing canonical authored source/contract	asm/banked_name_init_second.s	ALREADY_PRESENT	Byte-for-byte equal after LF normalization; current local regression and frozen-product reproduction.	baseline 102 / candidate 134 tests; exact ROM/BPS reproduction; see individual test map	private backup: legacy working-files manifest
narikiri2-an9j-save-fix	asm/banked_popup.s	working tree based on 0e18f64a488901a8a565fbcd9da8b7413aa91e10	5ae634b2ead9c1c583fede10a57d310d5642ea50a4618320088f444b085ba766	current implementation/input	Existing canonical authored source/contract	asm/banked_popup.s	ALREADY_PRESENT	Byte-for-byte equal after LF normalization; current local regression and frozen-product reproduction.	baseline 102 / candidate 134 tests; exact ROM/BPS reproduction; see individual test map	private backup: legacy working-files manifest
narikiri2-an9j-save-fix	asm/banked_simple.s	working tree based on 0e18f64a488901a8a565fbcd9da8b7413aa91e10	92f0c7d04d4068a785f1579032331b79b7336fa1ab2210dcdb4b95e0785dafbb	current implementation/input	Existing canonical authored source/contract	asm/banked_simple.s	ALREADY_PRESENT	Byte-for-byte equal after LF normalization; current local regression and frozen-product reproduction.	baseline 102 / candidate 134 tests; exact ROM/BPS reproduction; see individual test map	private backup: legacy working-files manifest
narikiri2-an9j-save-fix	asm/banked_small.s	working tree based on 0e18f64a488901a8a565fbcd9da8b7413aa91e10	f4a19354a95c63c776cdd393b5589f50d8bac89cd1dd9a7317a346365cb0bf0c	current implementation/input	Existing canonical authored source/contract	asm/banked_small.s	ALREADY_PRESENT	Byte-for-byte equal after LF normalization; current local regression and frozen-product reproduction.	baseline 102 / candidate 134 tests; exact ROM/BPS reproduction; see individual test map	private backup: legacy working-files manifest
narikiri2-an9j-save-fix	asm/private_convert.s	working tree based on 0e18f64a488901a8a565fbcd9da8b7413aa91e10	cbe3c0ad2586f7cb16933e454b9539a6930d550c18aa993d7288088540842e69	current implementation/input	Existing canonical authored source/contract	asm/private_convert.s	ALREADY_PRESENT	Byte-for-byte equal after LF normalization; current local regression and frozen-product reproduction.	baseline 102 / candidate 134 tests; exact ROM/BPS reproduction; see individual test map	private backup: legacy working-files manifest
narikiri2-an9j-save-fix	asm/private_font_load.s	working tree based on 0e18f64a488901a8a565fbcd9da8b7413aa91e10	d8b554a406a14c554198a6feaed1391189b54a30f403fc757c0e06b958b137dc	current implementation/input	Existing canonical authored source/contract	asm/private_font_load.s	ALREADY_PRESENT	Byte-for-byte equal after LF normalization; current local regression and frozen-product reproduction.	baseline 102 / candidate 134 tests; exact ROM/BPS reproduction; see individual test map	private backup: legacy working-files manifest
narikiri2-an9j-save-fix	asm/private_full_name.s	working tree based on 0e18f64a488901a8a565fbcd9da8b7413aa91e10	406a111ab9ec1eb1f10b487dd809b27a67cdab6e8ed84cd26cee576d37fcb9a2	current implementation/input	Existing canonical authored source/contract	asm/private_full_name.s	ALREADY_PRESENT	Byte-for-byte equal after LF normalization; current local regression and frozen-product reproduction.	baseline 102 / candidate 134 tests; exact ROM/BPS reproduction; see individual test map	private backup: legacy working-files manifest
narikiri2-an9j-save-fix	asm/private_large_lookup.s	working tree based on 0e18f64a488901a8a565fbcd9da8b7413aa91e10	1b26112ac5915708bcfc9023afdb7aadb53acfdc1f5ad37a4c3ba8a372b0f755	current implementation/input	Existing canonical authored source/contract	asm/private_large_lookup.s	ALREADY_PRESENT	Byte-for-byte equal after LF normalization; current local regression and frozen-product reproduction.	baseline 102 / candidate 134 tests; exact ROM/BPS reproduction; see individual test map	private backup: legacy working-files manifest
narikiri2-an9j-save-fix	asm/private_simple.s	working tree based on 0e18f64a488901a8a565fbcd9da8b7413aa91e10	b975df82c46c722b39723076c11f0a3b2d0a5bdf5fed6934efd03b6aae713244	current implementation/input	Existing canonical authored source/contract	asm/private_simple.s	ALREADY_PRESENT	Byte-for-byte equal after LF normalization; current local regression and frozen-product reproduction.	baseline 102 / candidate 134 tests; exact ROM/BPS reproduction; see individual test map	private backup: legacy working-files manifest
narikiri2-an9j-save-fix	asm/private_small.s	working tree based on 0e18f64a488901a8a565fbcd9da8b7413aa91e10	4749f91b756feb3a3dedbc247073c04fdfba01041c574c4fd315a3abd4ddd60d	current implementation/input	Existing canonical authored source/contract	asm/private_small.s	ALREADY_PRESENT	Byte-for-byte equal after LF normalization; current local regression and frozen-product reproduction.	baseline 102 / candidate 134 tests; exact ROM/BPS reproduction; see individual test map	private backup: legacy working-files manifest
narikiri2-an9j-save-fix	asm/private_sprite_lookup.s	working tree based on 0e18f64a488901a8a565fbcd9da8b7413aa91e10	fed7243f0b4687a55d3fa5b2cb1f439deead7d9704940e625421fd5d016b9a4f	current implementation/input	Existing canonical authored source/contract	asm/private_sprite_lookup.s	ALREADY_PRESENT	Byte-for-byte equal after LF normalization; current local regression and frozen-product reproduction.	baseline 102 / candidate 134 tests; exact ROM/BPS reproduction; see individual test map	private backup: legacy working-files manifest
narikiri2-an9j-save-fix	asm/private_tile_cache.s	working tree based on 0e18f64a488901a8a565fbcd9da8b7413aa91e10	2ce63fc812d9208dca821dfeeeb77dd0949990a4bb878cb74bcfa601268edf29	current implementation/input	Existing canonical authored source/contract	asm/private_tile_cache.s	ALREADY_PRESENT	Byte-for-byte equal after LF normalization; current local regression and frozen-product reproduction.	baseline 102 / candidate 134 tests; exact ROM/BPS reproduction; see individual test map	private backup: legacy working-files manifest
narikiri2-an9j-save-fix	config/compact_font_profile.json	working tree based on 0e18f64a488901a8a565fbcd9da8b7413aa91e10	c694158b39c57a6e7af9d61df5c38d0e5d9cbb5443373000a0691fbf910b820b	historical investigation/reference	NO: historical/private data not selected for publication		PRIVATE_ARCHIVE_ONLY	Preserved by SHA-256 in the private working-file manifest; not a current product dependency.	baseline 102 / candidate 134 tests; exact ROM/BPS reproduction; see individual test map	private backup: legacy working-files manifest
narikiri2-an9j-save-fix	config/description_source_bindings.json	working tree based on 0e18f64a488901a8a565fbcd9da8b7413aa91e10	03d74703e799a0a42373a20982ba3f2d17968b14d0bf1f68088ac5be14e17aed	current implementation/input	Existing canonical authored source/contract	config/description_source_bindings.json	ALREADY_PRESENT	Byte-for-byte equal after LF normalization; current local regression and frozen-product reproduction.	baseline 102 / candidate 134 tests; exact ROM/BPS reproduction; see individual test map	private backup: legacy working-files manifest
narikiri2-an9j-save-fix	config/non_text_pointer_words.json	working tree based on 0e18f64a488901a8a565fbcd9da8b7413aa91e10	fe2cf49a1cd7098f137a8fca8d8a314b403136f6eee4f5111626a8e6faa657f2	historical investigation/reference	NO: historical/private data not selected for publication		PRIVATE_ARCHIVE_ONLY	Preserved by SHA-256 in the private working-file manifest; not a current product dependency.	baseline 102 / candidate 134 tests; exact ROM/BPS reproduction; see individual test map	private backup: legacy working-files manifest
narikiri2-an9j-save-fix	config/private_glyph_order.json	working tree based on 0e18f64a488901a8a565fbcd9da8b7413aa91e10	142a189f96eb3232f45aaf5e04e4394ba5a8900b55f6d717f029d7633cec4a00	current implementation/input	Existing canonical authored source/contract	config/private_glyph_order.json	ALREADY_PRESENT	Byte-for-byte equal after LF normalization; current local regression and frozen-product reproduction.	baseline 102 / candidate 134 tests; exact ROM/BPS reproduction; see individual test map	private backup: legacy working-files manifest
narikiri2-an9j-save-fix	config/source_profiles.json	working tree based on 0e18f64a488901a8a565fbcd9da8b7413aa91e10	a99a9f84b02d2992c66147645a89ed2a3647a6698bd2f7da4b021fa207ab944a	current implementation/input	Existing canonical sanitized/updated counterpart	config/source_profiles.json	SUPERSEDED_WITH_EVIDENCE	Canonical source-bound authored/hash representation supersedes older raw source text/profile metadata; exact frozen v0.9 and v0.9a builds verify the adopted product, without importing the old corpus.	baseline 102 / candidate 134 tests; exact ROM/BPS reproduction; see individual test map	private backup: legacy working-files manifest
narikiri2-an9j-save-fix	config/ui_source_bindings.json	working tree based on 0e18f64a488901a8a565fbcd9da8b7413aa91e10	8ff360e0cbb87d15edd1c8bad986e9f0e11aa5e5c880558c3f96129f36e74052	current implementation/input	Existing canonical authored source/contract	config/ui_source_bindings.json	ALREADY_PRESENT	Byte-for-byte equal after LF normalization; current local regression and frozen-product reproduction.	baseline 102 / candidate 134 tests; exact ROM/BPS reproduction; see individual test map	private backup: legacy working-files manifest
narikiri2-an9j-save-fix	docs/decisions.md	working tree based on 0e18f64a488901a8a565fbcd9da8b7413aa91e10	bde0add51205325291392a9fb49bda0210df954ae532066f337b06411fb83b7f	historical decisions/status	NO: historical/private data not selected for publication	MIGRATION.md; RELEASE_POLICY.md; docs/migration/FOLLOW_UP.md	SUPERSEDED_WITH_EVIDENCE	v0.9 historical status is superseded by v0.9a, not deleted. Adopted save/font/FFR/rights/version policies remain in active docs; pending hardware/full-play work is carried forward.	baseline 102 / candidate 134 tests; exact ROM/BPS reproduction; see individual test map	private backup: legacy working-files manifest
narikiri2-an9j-save-fix	docs/status.md	working tree based on 0e18f64a488901a8a565fbcd9da8b7413aa91e10	1125d3691fc33b4d14fb1eec572c03c2410f2c766cdc8508447e58112611d6d1	historical decisions/status	NO: historical/private data not selected for publication	MIGRATION.md; RELEASE_POLICY.md; docs/migration/FOLLOW_UP.md	SUPERSEDED_WITH_EVIDENCE	v0.9 historical status is superseded by v0.9a, not deleted. Adopted save/font/FFR/rights/version policies remain in active docs; pending hardware/full-play work is carried forward.	baseline 102 / candidate 134 tests; exact ROM/BPS reproduction; see individual test map	private backup: legacy working-files manifest
narikiri2-an9j-save-fix	research/README.md	working tree based on 0e18f64a488901a8a565fbcd9da8b7413aa91e10	352351e1ab551034ec7850a864e9329394be40341cdb5571b5854952acd59a96	historical investigation/reference	NO: historical/private data not selected for publication		PRIVATE_ARCHIVE_ONLY	Preserved by SHA-256 in the private working-file manifest; not a current product dependency.	baseline 102 / candidate 134 tests; exact ROM/BPS reproduction; see individual test map	private backup: legacy working-files manifest
narikiri2-an9j-save-fix	tests/test_banked_font.py	working tree based on 0e18f64a488901a8a565fbcd9da8b7413aa91e10	8b69480f3e8171075877293356ad2d0d86750ecc9851c5fe717f23e2c236f3b9	current implementation/input	Existing canonical authored source/contract	tests/test_banked_font.py	ALREADY_PRESENT	Byte-for-byte equal after LF normalization; current local regression and frozen-product reproduction.	baseline 102 / candidate 134 tests; exact ROM/BPS reproduction; see individual test map	private backup: legacy working-files manifest
narikiri2-an9j-save-fix	tests/test_battle_graphics.py	working tree based on 0e18f64a488901a8a565fbcd9da8b7413aa91e10	e377211623d8ef4e760e9878c7c32266d631e969fc8e61742e9b4455a9324d80	current implementation/input	Existing canonical authored source/contract	tests/test_battle_graphics.py	ALREADY_PRESENT	Byte-for-byte equal after LF normalization; current local regression and frozen-product reproduction.	baseline 102 / candidate 134 tests; exact ROM/BPS reproduction; see individual test map	private backup: legacy working-files manifest
narikiri2-an9j-save-fix	tests/test_compact_transcription.py	working tree based on 0e18f64a488901a8a565fbcd9da8b7413aa91e10	57c3b8e0b0848b0cb2013ec1c0a9f5494c8b0f8ad38921ee17f0c9cc56faf0a7	reusable regression/diagnostic capability	YES: authored MIT code; reviewed selected scope	tests/test_compact_transcription.py	IMPORT_REQUIRED	Whole authored file; normalized LF only. No ROM or runtime evidence included.	baseline 102 / candidate 134 tests; exact ROM/BPS reproduction; see individual test map	private backup: legacy working-files manifest
narikiri2-an9j-save-fix	tests/test_dalmoori_font.py	working tree based on 0e18f64a488901a8a565fbcd9da8b7413aa91e10	c57fbd32c812431a29bcbd3cfe4316ce317b049cc5f3fad8ad8af6decc81f5b1	reusable regression/diagnostic capability	YES: authored MIT code; reviewed selected scope	tests/test_font_asset_contracts.py	IMPORT_REQUIRED	Six unchanged methods using canonical source contracts; old Gate2/corpus fixtures remain private.	baseline 102 / candidate 134 tests; exact ROM/BPS reproduction; see individual test map	private backup: legacy working-files manifest
narikiri2-an9j-save-fix	tests/test_development_patcher.py	working tree based on 0e18f64a488901a8a565fbcd9da8b7413aa91e10	43704006c437798a87899c203cec063d65eb9d3f9565fbb41e8294247012e232	historical renderer/distribution regression	NO: historical/private data not selected for publication	docs/migration/TEST_MAPPING.tsv	SUPERSEDED_WITH_EVIDENCE	Each test is separately mapped by unchanged method AST or its specific current contract; old product-fixture tests remain privately preserved, never silently skipped in the active suite.	baseline 102 / candidate 134 tests; exact ROM/BPS reproduction; see individual test map	private backup: legacy working-files manifest
narikiri2-an9j-save-fix	tests/test_extended_compact.py	working tree based on 0e18f64a488901a8a565fbcd9da8b7413aa91e10	01318f88ce1f664eaf69f94c588de456abaf87995bc69e31374c0f456a379cd0	reusable regression/diagnostic capability	YES: authored MIT code; reviewed selected scope	tests/test_extended_compact.py	IMPORT_REQUIRED	Whole authored file; normalized LF only. No ROM or runtime evidence included.	baseline 102 / candidate 134 tests; exact ROM/BPS reproduction; see individual test map	private backup: legacy working-files manifest
narikiri2-an9j-save-fix	tests/test_item_consumer.py	working tree based on 0e18f64a488901a8a565fbcd9da8b7413aa91e10	96fead89f5e66bdc4b3644c364633df6f3d30408cabcfb4884d7e40418599f45	current implementation/input	Existing canonical authored source/contract	tests/test_item_consumer.py	ALREADY_PRESENT	Byte-for-byte equal after LF normalization; current local regression and frozen-product reproduction.	baseline 102 / candidate 134 tests; exact ROM/BPS reproduction; see individual test map	private backup: legacy working-files manifest
narikiri2-an9j-save-fix	tests/test_private_font.py	working tree based on 0e18f64a488901a8a565fbcd9da8b7413aa91e10	c1fc16615f4b8613baecdab1a8afe81347a097deb67dee1a72d5a86bf66464cb	reusable regression/diagnostic capability	YES: authored MIT code; reviewed selected scope	tests/test_bps_and_report_contracts.py	IMPORT_REQUIRED	Two unchanged portable classes, seven tests; no old product fixture imported.	baseline 102 / candidate 134 tests; exact ROM/BPS reproduction; see individual test map	private backup: legacy working-files manifest
narikiri2-an9j-save-fix	tests/test_private_tile_cache.py	working tree based on 0e18f64a488901a8a565fbcd9da8b7413aa91e10	7a9e983e945fcf15b94cbabcc4109e892d83a56d695b643a7072cb4dcfb838e0	current implementation/input	Existing canonical authored source/contract	tests/test_private_tile_cache.py	ALREADY_PRESENT	Byte-for-byte equal after LF normalization; current local regression and frozen-product reproduction.	baseline 102 / candidate 134 tests; exact ROM/BPS reproduction; see individual test map	private backup: legacy working-files manifest
narikiri2-an9j-save-fix	tests/test_reviewed_script_repairs.py	working tree based on 0e18f64a488901a8a565fbcd9da8b7413aa91e10	3ded7230e38fe50e970934199c393006cac31b9493e27ee0067f80a4cf0a7a70	current implementation/input	Existing canonical authored source/contract	tests/test_reviewed_script_repairs.py	ALREADY_PRESENT	Byte-for-byte equal after LF normalization; current local regression and frozen-product reproduction.	baseline 102 / candidate 134 tests; exact ROM/BPS reproduction; see individual test map	private backup: legacy working-files manifest
narikiri2-an9j-save-fix	tests/test_runtime_evidence.py	working tree based on 0e18f64a488901a8a565fbcd9da8b7413aa91e10	233de46d122bbfd1c06e983eb88ba7169dca34616c940066fb598423df5a2b9e	reusable regression/diagnostic capability	YES: authored MIT code; reviewed selected scope	tests/test_runtime_evidence.py	IMPORT_REQUIRED	Whole authored file; normalized LF only. No ROM or runtime evidence included.	baseline 102 / candidate 134 tests; exact ROM/BPS reproduction; see individual test map	private backup: legacy working-files manifest
narikiri2-an9j-save-fix	tests/test_save_fix.py	working tree based on 0e18f64a488901a8a565fbcd9da8b7413aa91e10	2905f8bb5c63692f236255b0bf6c547c583d8071872ee341eec6736cc381b39a	current implementation/input	Existing canonical authored source/contract	tests/test_save_fix.py	ALREADY_PRESENT	Byte-for-byte equal after LF normalization; current local regression and frozen-product reproduction.	baseline 102 / candidate 134 tests; exact ROM/BPS reproduction; see individual test map	private backup: legacy working-files manifest
narikiri2-an9j-save-fix	tests/test_source_profiles.py	working tree based on 0e18f64a488901a8a565fbcd9da8b7413aa91e10	e1a0e171f5189745f5eb8ed8c354ef91a0ae8f152251bd8735a61af45718d9f7	current implementation/input	Existing canonical authored source/contract	tests/test_source_profiles.py	ALREADY_PRESENT	Byte-for-byte equal after LF normalization; current local regression and frozen-product reproduction.	baseline 102 / candidate 134 tests; exact ROM/BPS reproduction; see individual test map	private backup: legacy working-files manifest
narikiri2-an9j-save-fix	tests/test_vram_lz77.py	working tree based on 0e18f64a488901a8a565fbcd9da8b7413aa91e10	74c5dfbd2a31639a10145e22d03721ff4c36cab6f5775e71f92cd22990e5a866	current implementation/input	Existing canonical authored source/contract	tests/test_vram_lz77.py	ALREADY_PRESENT	Byte-for-byte equal after LF normalization; current local regression and frozen-product reproduction.	baseline 102 / candidate 134 tests; exact ROM/BPS reproduction; see individual test map	private backup: legacy working-files manifest
narikiri2-an9j-save-fix	tools/adopt_supplied_name_reference.py	working tree based on 0e18f64a488901a8a565fbcd9da8b7413aa91e10	13ce1eecd66dc0a6d5c99575941b70acd5e79fa568de1582cf697d3a65d08a30	historical development/audit driver	NO: historical/private data not selected for publication	tools/build_banked_font.py; tools/reviewed_v09a.py; docs/migration/FOLLOW_UP.md	PRIVATE_ARCHIVE_ONLY	Investigation/catalog/rendering driver depends on privately preserved extracted data, original screenshots or historical candidates. Current product regenerates from exact FFR and reviewed authored inputs; further investigations can consult this private indexed source.	baseline 102 / candidate 134 tests; exact ROM/BPS reproduction; see individual test map	private backup: legacy working-files manifest
narikiri2-an9j-save-fix	tools/analyze_save_code.py	working tree based on 0e18f64a488901a8a565fbcd9da8b7413aa91e10	3af7996e00c137dae6c3006c3cdf145538a0cfda57dc31ab3518280845d1d4c2	historical development/audit driver	NO: historical/private data not selected for publication	restore.py; tools/verify_save_fix_guard.py; tools/convert_save.py; tests/test_save_fix.py	SUPERSEDED_WITH_EVIDENCE	Candidate A 79-byte contract, strict EEPROM guard, save conversion tests and frozen output identity cover the active save-repair path; old analysis remains backed up.	baseline 102 / candidate 134 tests; exact ROM/BPS reproduction; see individual test map	private backup: legacy working-files manifest
narikiri2-an9j-save-fix	tools/analyze_save_samples.py	working tree based on 0e18f64a488901a8a565fbcd9da8b7413aa91e10	d8ac7a5ffa6d4faba6abb6ddfe9fac65c577828aeb8d9dbde4716f8bd8ae3ab6	historical development/audit driver	NO: historical/private data not selected for publication	restore.py; tools/verify_save_fix_guard.py; tools/convert_save.py; tests/test_save_fix.py	SUPERSEDED_WITH_EVIDENCE	Candidate A 79-byte contract, strict EEPROM guard, save conversion tests and frozen output identity cover the active save-repair path; old analysis remains backed up.	baseline 102 / candidate 134 tests; exact ROM/BPS reproduction; see individual test map	private backup: legacy working-files manifest
narikiri2-an9j-save-fix	tools/apply_development_patch.py	working tree based on 0e18f64a488901a8a565fbcd9da8b7413aa91e10	b696ec086bc179283982ccf94369b665d1a77ddbc767f2c92d94a277948ca762	historical development/audit driver	NO: historical/private data not selected for publication	tools/build_ffr_v09a.py; tools/apply_ffr_v09a.py; tools/package_ffr_v09a_release.py	SUPERSEDED_WITH_EVIDENCE	Old POC/Gate2/b788 development product and JP-input distribution are replaced by exact-FFR cumulative v0.9a; frozen products and rejection tests pass. No old release authorization is transferred.	baseline 102 / candidate 134 tests; exact ROM/BPS reproduction; see individual test map	private backup: legacy working-files manifest
narikiri2-an9j-save-fix	tools/apply_ffr_v09.py	working tree based on 0e18f64a488901a8a565fbcd9da8b7413aa91e10	a9800c84e0fa15b3ff8471c2d3af382aa7f57616b5ee35f65384991af8d3efb1	current implementation/input	Existing canonical authored source/contract	tools/apply_ffr_v09.py	ALREADY_PRESENT	Byte-for-byte equal after LF normalization; current local regression and frozen-product reproduction.	baseline 102 / candidate 134 tests; exact ROM/BPS reproduction; see individual test map	private backup: legacy working-files manifest
narikiri2-an9j-save-fix	tools/audit_banked_names.py	working tree based on 0e18f64a488901a8a565fbcd9da8b7413aa91e10	0dbd0497fe6073964de212d8a8eeeaac6c9118833802253e90ef4d86282f86c4	historical development/audit driver	NO: historical/private data not selected for publication	tools/build_banked_font.py; tools/reviewed_v09a.py; docs/migration/FOLLOW_UP.md	PRIVATE_ARCHIVE_ONLY	Investigation/catalog/rendering driver depends on privately preserved extracted data, original screenshots or historical candidates. Current product regenerates from exact FFR and reviewed authored inputs; further investigations can consult this private indexed source.	baseline 102 / candidate 134 tests; exact ROM/BPS reproduction; see individual test map	private backup: legacy working-files manifest
narikiri2-an9j-save-fix	tools/audit_complete_items.py	working tree based on 0e18f64a488901a8a565fbcd9da8b7413aa91e10	246598be4015470b4ce76a7af65feed2eb9054e7949c9c9307e407ac50473091	historical development/audit driver	NO: historical/private data not selected for publication	tools/build_banked_font.py; tools/reviewed_v09a.py; docs/migration/FOLLOW_UP.md	PRIVATE_ARCHIVE_ONLY	Investigation/catalog/rendering driver depends on privately preserved extracted data, original screenshots or historical candidates. Current product regenerates from exact FFR and reviewed authored inputs; further investigations can consult this private indexed source.	baseline 102 / candidate 134 tests; exact ROM/BPS reproduction; see individual test map	private backup: legacy working-files manifest
narikiri2-an9j-save-fix	tools/audit_current_integration.py	working tree based on 0e18f64a488901a8a565fbcd9da8b7413aa91e10	354c41869d09fa1cf9aa352bb72a0692eed0ba770ac6fe186b4285ee567c930f	historical development/audit driver	NO: historical/private data not selected for publication	tools/build_banked_font.py; tools/reviewed_v09a.py; docs/migration/FOLLOW_UP.md	PRIVATE_ARCHIVE_ONLY	Investigation/catalog/rendering driver depends on privately preserved extracted data, original screenshots or historical candidates. Current product regenerates from exact FFR and reviewed authored inputs; further investigations can consult this private indexed source.	baseline 102 / candidate 134 tests; exact ROM/BPS reproduction; see individual test map	private backup: legacy working-files manifest
narikiri2-an9j-save-fix	tools/audit_extended_compact.py	working tree based on 0e18f64a488901a8a565fbcd9da8b7413aa91e10	35303703c3aa7a86d82271c55b5bbe098904d896d2cc39d6fc0d784d4a2ec2b5	reusable regression/diagnostic capability	YES: authored MIT code; reviewed selected scope	tools/audit_extended_compact.py	IMPORT_REQUIRED	Three function bodies unchanged; private corpus driver excluded; explicit input CLI added.	baseline 102 / candidate 134 tests; exact ROM/BPS reproduction; see individual test map	private backup: legacy working-files manifest
narikiri2-an9j-save-fix	tools/audit_full_text_population.py	working tree based on 0e18f64a488901a8a565fbcd9da8b7413aa91e10	b1a24e716d6aeb79544d695c213e41a3baf5a2b8c1156bc4b08b5586c196127a	historical development/audit driver	NO: historical/private data not selected for publication	tools/build_banked_font.py; tools/reviewed_v09a.py; docs/migration/FOLLOW_UP.md	PRIVATE_ARCHIVE_ONLY	Investigation/catalog/rendering driver depends on privately preserved extracted data, original screenshots or historical candidates. Current product regenerates from exact FFR and reviewed authored inputs; further investigations can consult this private indexed source.	baseline 102 / candidate 134 tests; exact ROM/BPS reproduction; see individual test map	private backup: legacy working-files manifest
narikiri2-an9j-save-fix	tools/audit_item_name_spacing.py	working tree based on 0e18f64a488901a8a565fbcd9da8b7413aa91e10	cc5b076595b55cfb1d1f3402afd2fde9ef691ab5745f967be0c15b15730775af	historical development/audit driver	NO: historical/private data not selected for publication	tools/build_banked_font.py; tools/reviewed_v09a.py; docs/migration/FOLLOW_UP.md	PRIVATE_ARCHIVE_ONLY	Investigation/catalog/rendering driver depends on privately preserved extracted data, original screenshots or historical candidates. Current product regenerates from exact FFR and reviewed authored inputs; further investigations can consult this private indexed source.	baseline 102 / candidate 134 tests; exact ROM/BPS reproduction; see individual test map	private backup: legacy working-files manifest
narikiri2-an9j-save-fix	tools/bps.py	working tree based on 0e18f64a488901a8a565fbcd9da8b7413aa91e10	3fa8c926fc242dd1caa83e2cefa93668f5085b7318edbb3a2006ab8cae044c61	current implementation/input	Existing canonical authored source/contract	tools/bps.py	ALREADY_PRESENT	Byte-for-byte equal after LF normalization; current local regression and frozen-product reproduction.	baseline 102 / candidate 134 tests; exact ROM/BPS reproduction; see individual test map	private backup: legacy working-files manifest
narikiri2-an9j-save-fix	tools/build_banked_font.py	working tree based on 0e18f64a488901a8a565fbcd9da8b7413aa91e10	2000262102db15563e22ba5f3c68f15cd2bfb4b304e2f2aa61451249e3c5256b	current implementation/input	Existing canonical authored source/contract	tools/build_banked_font.py	ALREADY_PRESENT	Byte-for-byte equal after LF normalization; current local regression and frozen-product reproduction.	baseline 102 / candidate 134 tests; exact ROM/BPS reproduction; see individual test map	private backup: legacy working-files manifest
narikiri2-an9j-save-fix	tools/build_compact_target_catalog.py	working tree based on 0e18f64a488901a8a565fbcd9da8b7413aa91e10	390904ed873194034a37bdc4405561c8a837a4b4bbd00a5695cc57c5a080bb16	current implementation/input	Existing canonical authored source/contract	tools/build_compact_target_catalog.py	ALREADY_PRESENT	Byte-for-byte equal after LF normalization; current local regression and frozen-product reproduction.	baseline 102 / candidate 134 tests; exact ROM/BPS reproduction; see individual test map	private backup: legacy working-files manifest
narikiri2-an9j-save-fix	tools/build_complete_development.py	working tree based on 0e18f64a488901a8a565fbcd9da8b7413aa91e10	8ecfe21e44255e09a20eb605368e41bb8cff39deb196aa6b7bbaa3d2e7a64071	historical development/audit driver	NO: historical/private data not selected for publication	tools/build_ffr_v09a.py; tools/apply_ffr_v09a.py; tools/package_ffr_v09a_release.py	SUPERSEDED_WITH_EVIDENCE	Old POC/Gate2/b788 development product and JP-input distribution are replaced by exact-FFR cumulative v0.9a; frozen products and rejection tests pass. No old release authorization is transferred.	baseline 102 / candidate 134 tests; exact ROM/BPS reproduction; see individual test map	private backup: legacy working-files manifest
narikiri2-an9j-save-fix	tools/build_completion_audit.py	working tree based on 0e18f64a488901a8a565fbcd9da8b7413aa91e10	48a597dc2c292b51947c80468ef5f3f0e1bb37dc59bc124c8c83e01c4fc7db9b	historical development/audit driver	NO: historical/private data not selected for publication	tools/build_banked_font.py; tools/reviewed_v09a.py; docs/migration/FOLLOW_UP.md	PRIVATE_ARCHIVE_ONLY	Investigation/catalog/rendering driver depends on privately preserved extracted data, original screenshots or historical candidates. Current product regenerates from exact FFR and reviewed authored inputs; further investigations can consult this private indexed source.	baseline 102 / candidate 134 tests; exact ROM/BPS reproduction; see individual test map	private backup: legacy working-files manifest
narikiri2-an9j-save-fix	tools/build_dalmoori_gate2.py	working tree based on 0e18f64a488901a8a565fbcd9da8b7413aa91e10	a221720940aff0f3b6b557ee57abdc469fc21b7ce4a391034a2124de212643c4	historical development/audit driver	NO: historical/private data not selected for publication	tools/build_ffr_v09a.py; tools/apply_ffr_v09a.py; tools/package_ffr_v09a_release.py	SUPERSEDED_WITH_EVIDENCE	Old POC/Gate2/b788 development product and JP-input distribution are replaced by exact-FFR cumulative v0.9a; frozen products and rejection tests pass. No old release authorization is transferred.	baseline 102 / candidate 134 tests; exact ROM/BPS reproduction; see individual test map	private backup: legacy working-files manifest
narikiri2-an9j-save-fix	tools/build_dalmoori_gba_font.py	working tree based on 0e18f64a488901a8a565fbcd9da8b7413aa91e10	28fcc90f90aa001ce2648ba9dacca1efa4249e25dc69005e5174f82bb94d201d	current implementation/input	Existing canonical authored source/contract	tools/build_dalmoori_gba_font.py	ALREADY_PRESENT	Byte-for-byte equal after LF normalization; current local regression and frozen-product reproduction.	baseline 102 / candidate 134 tests; exact ROM/BPS reproduction; see individual test map	private backup: legacy working-files manifest
narikiri2-an9j-save-fix	tools/build_ffr_v09.py	working tree based on 0e18f64a488901a8a565fbcd9da8b7413aa91e10	4ad82bde353b391261b4c4aadb286cb04b840f1c3170f30497b00eb7e79bdd10	current implementation/input	Existing canonical authored source/contract	tools/build_ffr_v09.py	ALREADY_PRESENT	Byte-for-byte equal after LF normalization; current local regression and frozen-product reproduction.	baseline 102 / candidate 134 tests; exact ROM/BPS reproduction; see individual test map	private backup: legacy working-files manifest
narikiri2-an9j-save-fix	tools/build_save_fix.py	working tree based on 0e18f64a488901a8a565fbcd9da8b7413aa91e10	79865abb254633de510506df54fd58daceb9876996d97da248207289d67d76f0	historical development/audit driver	NO: historical/private data not selected for publication	restore.py; tools/verify_save_fix_guard.py; tools/convert_save.py; tests/test_save_fix.py	SUPERSEDED_WITH_EVIDENCE	Candidate A 79-byte contract, strict EEPROM guard, save conversion tests and frozen output identity cover the active save-repair path; old analysis remains backed up.	baseline 102 / candidate 134 tests; exact ROM/BPS reproduction; see individual test map	private backup: legacy working-files manifest
narikiri2-an9j-save-fix	tools/build_translation_catalogs.py	working tree based on 0e18f64a488901a8a565fbcd9da8b7413aa91e10	84c7bd19e511b1393a06060af8a3ed77e7fa2ae3536ac7e3078c25a3ae472f18	historical development/audit driver	NO: historical/private data not selected for publication	tools/build_ffr_v09a.py; tools/apply_ffr_v09a.py; tools/package_ffr_v09a_release.py	SUPERSEDED_WITH_EVIDENCE	Old POC/Gate2/b788 development product and JP-input distribution are replaced by exact-FFR cumulative v0.9a; frozen products and rejection tests pass. No old release authorization is transferred.	baseline 102 / candidate 134 tests; exact ROM/BPS reproduction; see individual test map	private backup: legacy working-files manifest
narikiri2-an9j-save-fix	tools/build_translation_patch.py	working tree based on 0e18f64a488901a8a565fbcd9da8b7413aa91e10	b3ae502e2123f09dfd988c51590ca62d47bef28b48fafc46b0a5308e9d3a2be4	historical development/audit driver	NO: historical/private data not selected for publication	tools/build_ffr_v09a.py; tools/apply_ffr_v09a.py; tools/package_ffr_v09a_release.py	SUPERSEDED_WITH_EVIDENCE	Old POC/Gate2/b788 development product and JP-input distribution are replaced by exact-FFR cumulative v0.9a; frozen products and rejection tests pass. No old release authorization is transferred.	baseline 102 / candidate 134 tests; exact ROM/BPS reproduction; see individual test map	private backup: legacy working-files manifest
narikiri2-an9j-save-fix	tools/complete_preflight.py	working tree based on 0e18f64a488901a8a565fbcd9da8b7413aa91e10	f178a5312d13948f35ca375ed41c3dad82f6a445f77325b4a85d1a4c2821fd68	historical development/audit driver	NO: historical/private data not selected for publication	tools/build_ffr_v09a.py; tools/apply_ffr_v09a.py; tools/package_ffr_v09a_release.py	SUPERSEDED_WITH_EVIDENCE	Old POC/Gate2/b788 development product and JP-input distribution are replaced by exact-FFR cumulative v0.9a; frozen products and rejection tests pass. No old release authorization is transferred.	baseline 102 / candidate 134 tests; exact ROM/BPS reproduction; see individual test map	private backup: legacy working-files manifest
narikiri2-an9j-save-fix	tools/confirmed_text_edits.py	working tree based on 0e18f64a488901a8a565fbcd9da8b7413aa91e10	55a91d6297fefe8b4c010fd7f7050af53fec7fac04fe670ba35fe704e38255a2	current implementation/input	Existing canonical sanitized/updated counterpart	tools/confirmed_text_edits.py	SUPERSEDED_WITH_EVIDENCE	Canonical source-bound authored/hash representation supersedes older raw source text/profile metadata; exact frozen v0.9 and v0.9a builds verify the adopted product, without importing the old corpus.	baseline 102 / candidate 134 tests; exact ROM/BPS reproduction; see individual test map	private backup: legacy working-files manifest
narikiri2-an9j-save-fix	tools/convert_save.py	working tree based on 0e18f64a488901a8a565fbcd9da8b7413aa91e10	a4007b23d5e21bd4ff8ca10ca32b4814adbfbfbfebea24327b33e18d3400965f	current implementation/input	Existing canonical authored source/contract	tools/convert_save.py	ALREADY_PRESENT	Byte-for-byte equal after LF normalization; current local regression and frozen-product reproduction.	baseline 102 / candidate 134 tests; exact ROM/BPS reproduction; see individual test map	private backup: legacy working-files manifest
narikiri2-an9j-save-fix	tools/dalmoori_gate2_spec.py	working tree based on 0e18f64a488901a8a565fbcd9da8b7413aa91e10	e5534cb23e5ddec098ae15b8f563e590672fc2031906f03797a8650ba707a532	historical development/audit driver	NO: historical/private data not selected for publication	tools/build_ffr_v09a.py; tools/apply_ffr_v09a.py; tools/package_ffr_v09a_release.py	SUPERSEDED_WITH_EVIDENCE	Old POC/Gate2/b788 development product and JP-input distribution are replaced by exact-FFR cumulative v0.9a; frozen products and rejection tests pass. No old release authorization is transferred.	baseline 102 / candidate 134 tests; exact ROM/BPS reproduction; see individual test map	private backup: legacy working-files manifest
narikiri2-an9j-save-fix	tools/draft_compact_translations.py	working tree based on 0e18f64a488901a8a565fbcd9da8b7413aa91e10	64c4d55053ae0f253bd8df1b05c088a0336860731a8b9172c154332d9430bba6	historical development/audit driver	NO: historical/private data not selected for publication	tools/build_banked_font.py; tools/reviewed_v09a.py; docs/migration/FOLLOW_UP.md	PRIVATE_ARCHIVE_ONLY	Investigation/catalog/rendering driver depends on privately preserved extracted data, original screenshots or historical candidates. Current product regenerates from exact FFR and reviewed authored inputs; further investigations can consult this private indexed source.	baseline 102 / candidate 134 tests; exact ROM/BPS reproduction; see individual test map	private backup: legacy working-files manifest
narikiri2-an9j-save-fix	tools/extended_compact_spec.py	working tree based on 0e18f64a488901a8a565fbcd9da8b7413aa91e10	d555d3c7c240dc1a56c05dc3659b9b6adc1d0beb86b478529daf55bc7440578d	current implementation/input	Existing canonical authored source/contract	tools/extended_compact_spec.py	ALREADY_PRESENT	Byte-for-byte equal after LF normalization; current local regression and frozen-product reproduction.	baseline 102 / candidate 134 tests; exact ROM/BPS reproduction; see individual test map	private backup: legacy working-files manifest
narikiri2-an9j-save-fix	tools/extract_compact_unicode_corpus.py	working tree based on 0e18f64a488901a8a565fbcd9da8b7413aa91e10	c800f6ef1393c5f9046a99054ede1225b26bc9ad43face1f351db12e33bda770	historical development/audit driver	NO: historical/private data not selected for publication	tools/build_banked_font.py; tools/reviewed_v09a.py; docs/migration/FOLLOW_UP.md	PRIVATE_ARCHIVE_ONLY	Investigation/catalog/rendering driver depends on privately preserved extracted data, original screenshots or historical candidates. Current product regenerates from exact FFR and reviewed authored inputs; further investigations can consult this private indexed source.	baseline 102 / candidate 134 tests; exact ROM/BPS reproduction; see individual test map	private backup: legacy working-files manifest
narikiri2-an9j-save-fix	tools/extract_item_text.py	working tree based on 0e18f64a488901a8a565fbcd9da8b7413aa91e10	69a20dff2ceae42422eb97d51bcc656ae1b988d200af728b034b4940da963c61	historical development/audit driver	NO: historical/private data not selected for publication	tools/build_banked_font.py; tools/reviewed_v09a.py; docs/migration/FOLLOW_UP.md	PRIVATE_ARCHIVE_ONLY	Investigation/catalog/rendering driver depends on privately preserved extracted data, original screenshots or historical candidates. Current product regenerates from exact FFR and reviewed authored inputs; further investigations can consult this private indexed source.	baseline 102 / candidate 134 tests; exact ROM/BPS reproduction; see individual test map	private backup: legacy working-files manifest
narikiri2-an9j-save-fix	tools/finalize_item_spacing.py	working tree based on 0e18f64a488901a8a565fbcd9da8b7413aa91e10	9b527ca7cbd06dea8b9e5701bc3488f0ab422ce77eb1b893042d1b319d854c2a	historical development/audit driver	NO: historical/private data not selected for publication	tools/build_ffr_v09a.py; tools/apply_ffr_v09a.py; tools/package_ffr_v09a_release.py	SUPERSEDED_WITH_EVIDENCE	Old POC/Gate2/b788 development product and JP-input distribution are replaced by exact-FFR cumulative v0.9a; frozen products and rejection tests pass. No old release authorization is transferred.	baseline 102 / candidate 134 tests; exact ROM/BPS reproduction; see individual test map	private backup: legacy working-files manifest
narikiri2-an9j-save-fix	tools/find_gba_lz77_asset.py	working tree based on 0e18f64a488901a8a565fbcd9da8b7413aa91e10	661826da802624e81feb9f3472abf5c787b66f0cbf5504341110e0775a6dcb49	current implementation/input	Existing canonical authored source/contract	tools/find_gba_lz77_asset.py	ALREADY_PRESENT	Byte-for-byte equal after LF normalization; current local regression and frozen-product reproduction.	baseline 102 / candidate 134 tests; exact ROM/BPS reproduction; see individual test map	private backup: legacy working-files manifest
narikiri2-an9j-save-fix	tools/find_relative_asset_owner.py	working tree based on 0e18f64a488901a8a565fbcd9da8b7413aa91e10	b10b7f4615c2232b36e0d05928217989c93a7415e408b5baa2b0d9197dc25edd	historical development/audit driver	NO: historical/private data not selected for publication	tools/build_banked_font.py; tools/reviewed_v09a.py; docs/migration/FOLLOW_UP.md	PRIVATE_ARCHIVE_ONLY	Investigation/catalog/rendering driver depends on privately preserved extracted data, original screenshots or historical candidates. Current product regenerates from exact FFR and reviewed authored inputs; further investigations can consult this private indexed source.	baseline 102 / candidate 134 tests; exact ROM/BPS reproduction; see individual test map	private backup: legacy working-files manifest
narikiri2-an9j-save-fix	tools/find_runtime_asset.py	working tree based on 0e18f64a488901a8a565fbcd9da8b7413aa91e10	4edf01cbf9a755554b6d98fecff4cbf138901962acb9bf0538f66785eeb5f8bd	historical development/audit driver	NO: historical/private data not selected for publication	tools/libretro_probe.py; docs/migration/FOLLOW_UP.md	PRIVATE_ARCHIVE_ONLY	Diagnostic-specific filenames, private baseline screens/recordings or old manifests prevent direct current use. Generic explicit-input host is imported; route adaptation is an open product-QA task, not a release build dependency.	baseline 102 / candidate 134 tests; exact ROM/BPS reproduction; see individual test map	private backup: legacy working-files manifest
narikiri2-an9j-save-fix	tools/fixed_ui_labels.py	working tree based on 0e18f64a488901a8a565fbcd9da8b7413aa91e10	4f007f13feaa455adc82d76e2ec4cc0d7d3560bb7048a33d6d6406f9e19e6f13	current implementation/input	Existing canonical authored source/contract	tools/fixed_ui_labels.py	ALREADY_PRESENT	Byte-for-byte equal after LF normalization; current local regression and frozen-product reproduction.	baseline 102 / candidate 134 tests; exact ROM/BPS reproduction; see individual test map	private backup: legacy working-files manifest
narikiri2-an9j-save-fix	tools/font_consumer_audit.py	working tree based on 0e18f64a488901a8a565fbcd9da8b7413aa91e10	c2e34249960a2d5a1a7ea79c6cd0679dcbcf4ac72783f4ff375b8bfed6f5c55f	historical development/audit driver	NO: historical/private data not selected for publication	tools/build_banked_font.py; tools/reviewed_v09a.py; docs/migration/FOLLOW_UP.md	PRIVATE_ARCHIVE_ONLY	Investigation/catalog/rendering driver depends on privately preserved extracted data, original screenshots or historical candidates. Current product regenerates from exact FFR and reviewed authored inputs; further investigations can consult this private indexed source.	baseline 102 / candidate 134 tests; exact ROM/BPS reproduction; see individual test map	private backup: legacy working-files manifest
narikiri2-an9j-save-fix	tools/gba_rl.py	working tree based on 0e18f64a488901a8a565fbcd9da8b7413aa91e10	92cdbc85de607ad3b91370fa9206037cc7451f07932059e60e422aa6fcf495fb	current implementation/input	Existing canonical authored source/contract	tools/gba_rl.py	ALREADY_PRESENT	Byte-for-byte equal after LF normalization; current local regression and frozen-product reproduction.	baseline 102 / candidate 134 tests; exact ROM/BPS reproduction; see individual test map	private backup: legacy working-files manifest
narikiri2-an9j-save-fix	tools/import_dalmoori_8x8.py	working tree based on 0e18f64a488901a8a565fbcd9da8b7413aa91e10	c16e3837a2c3cb41da14011bf99d7298948874623f804ce6170945acde1f2fbd	current implementation/input	Existing canonical authored source/contract	tools/import_dalmoori_8x8.py	ALREADY_PRESENT	Byte-for-byte equal after LF normalization; current local regression and frozen-product reproduction.	baseline 102 / candidate 134 tests; exact ROM/BPS reproduction; see individual test map	private backup: legacy working-files manifest
narikiri2-an9j-save-fix	tools/import_legacy_dalmoori.mjs	working tree based on 0e18f64a488901a8a565fbcd9da8b7413aa91e10	77512aca05d9654d4da88d823ada9e5e3a4e79a631bb4b75c01dbb9ca1ad706a	current implementation/input	Existing canonical authored source/contract	tools/import_legacy_dalmoori.mjs	ALREADY_PRESENT	Byte-for-byte equal after LF normalization; current local regression and frozen-product reproduction.	baseline 102 / candidate 134 tests; exact ROM/BPS reproduction; see individual test map	private backup: legacy working-files manifest
narikiri2-an9j-save-fix	tools/ips.py	working tree based on 0e18f64a488901a8a565fbcd9da8b7413aa91e10	b9b63eb5f3a05ccaa29362cc4d44a956b81a6149dae5b34feb3d21abb6008956	current implementation/input	Existing canonical authored source/contract	tools/ips.py	ALREADY_PRESENT	Byte-for-byte equal after LF normalization; current local regression and frozen-product reproduction.	baseline 102 / candidate 134 tests; exact ROM/BPS reproduction; see individual test map	private backup: legacy working-files manifest
narikiri2-an9j-save-fix	tools/item_glyph_presentation.py	working tree based on 0e18f64a488901a8a565fbcd9da8b7413aa91e10	9767c2ec8eab36cb84817647183f78ba1959502358a6f1da49d4d2ef2fdf7f4d	current implementation/input	Existing canonical authored source/contract	tools/item_glyph_presentation.py	ALREADY_PRESENT	Byte-for-byte equal after LF normalization; current local regression and frozen-product reproduction.	baseline 102 / candidate 134 tests; exact ROM/BPS reproduction; see individual test map	private backup: legacy working-files manifest
narikiri2-an9j-save-fix	tools/item_name_consumer.py	working tree based on 0e18f64a488901a8a565fbcd9da8b7413aa91e10	14b62dd21654c41725f8d3e40336321d59b683efa0f800455078c72e4f8787ab	current implementation/input	Existing canonical authored source/contract	tools/item_name_consumer.py	ALREADY_PRESENT	Byte-for-byte equal after LF normalization; current local regression and frozen-product reproduction.	baseline 102 / candidate 134 tests; exact ROM/BPS reproduction; see individual test map	private backup: legacy working-files manifest
narikiri2-an9j-save-fix	tools/legacy_dalmoori_font.py	working tree based on 0e18f64a488901a8a565fbcd9da8b7413aa91e10	23c781df685328312af9fe2b0c469f79771b435a39e01c07500ff35f7a1b70d1	current implementation/input	Existing canonical authored source/contract	tools/legacy_dalmoori_font.py	ALREADY_PRESENT	Byte-for-byte equal after LF normalization; current local regression and frozen-product reproduction.	baseline 102 / candidate 134 tests; exact ROM/BPS reproduction; see individual test map	private backup: legacy working-files manifest
narikiri2-an9j-save-fix	tools/libretro_probe.py	working tree based on 0e18f64a488901a8a565fbcd9da8b7413aa91e10	b99f4882429bb20a0f9257500224c47be518e6ca59bec5c9de8443935aa80d42	reusable regression/diagnostic capability	YES: authored MIT code; reviewed selected scope	tools/libretro_probe.py	IMPORT_REQUIRED	Whole authored file; normalized LF only. No ROM or runtime evidence included.	baseline 102 / candidate 134 tests; exact ROM/BPS reproduction; see individual test map	private backup: legacy working-files manifest
narikiri2-an9j-save-fix	tools/narikiri2_item_ui_font.py	working tree based on 0e18f64a488901a8a565fbcd9da8b7413aa91e10	6c411e07a7ef5f55207c06ecee7215ec99e4243ef1affc8c3df82807e5bffeb8	current implementation/input	Existing canonical authored source/contract	tools/narikiri2_item_ui_font.py	ALREADY_PRESENT	Byte-for-byte equal after LF normalization; current local regression and frozen-product reproduction.	baseline 102 / candidate 134 tests; exact ROM/BPS reproduction; see individual test map	private backup: legacy working-files manifest
narikiri2-an9j-save-fix	tools/narikiri2_text_spec.py	working tree based on 0e18f64a488901a8a565fbcd9da8b7413aa91e10	b11bbe9f3ff26e8688031fccca398f64617e6dd224ac57b94817e5c5af78c6dd	current implementation/input	Existing canonical authored source/contract	tools/narikiri2_text_spec.py	ALREADY_PRESENT	Byte-for-byte equal after LF normalization; current local regression and frozen-product reproduction.	baseline 102 / candidate 134 tests; exact ROM/BPS reproduction; see individual test map	private backup: legacy working-files manifest
narikiri2-an9j-save-fix	tools/package_development.py	working tree based on 0e18f64a488901a8a565fbcd9da8b7413aa91e10	18471b9eb07829682f5e08219bbbcbc4cb9c7282be95a39fa9c99c59d7d82541	historical development/audit driver	NO: historical/private data not selected for publication	tools/build_ffr_v09a.py; tools/apply_ffr_v09a.py; tools/package_ffr_v09a_release.py	SUPERSEDED_WITH_EVIDENCE	Old POC/Gate2/b788 development product and JP-input distribution are replaced by exact-FFR cumulative v0.9a; frozen products and rejection tests pass. No old release authorization is transferred.	baseline 102 / candidate 134 tests; exact ROM/BPS reproduction; see individual test map	private backup: legacy working-files manifest
narikiri2-an9j-save-fix	tools/prepare_save_test.py	working tree based on 0e18f64a488901a8a565fbcd9da8b7413aa91e10	1fcadafac1bd2f861d628fe52c31aa2ff8491da1eaf2320d6b8b31726412d5fa	current implementation/input	Existing canonical authored source/contract	tools/prepare_save_test.py	ALREADY_PRESENT	Byte-for-byte equal after LF normalization; current local regression and frozen-product reproduction.	baseline 102 / candidate 134 tests; exact ROM/BPS reproduction; see individual test map	private backup: legacy working-files manifest
narikiri2-an9j-save-fix	tools/preview_custom_item_glyphs.py	working tree based on 0e18f64a488901a8a565fbcd9da8b7413aa91e10	46a408a31aee2286c9ed33cfaf1b5c2cf07d4d21893513ab7d7ad4203e424247	historical development/audit driver	NO: historical/private data not selected for publication	tools/build_banked_font.py; tools/reviewed_v09a.py; docs/migration/FOLLOW_UP.md	PRIVATE_ARCHIVE_ONLY	Investigation/catalog/rendering driver depends on privately preserved extracted data, original screenshots or historical candidates. Current product regenerates from exact FFR and reviewed authored inputs; further investigations can consult this private indexed source.	baseline 102 / candidate 134 tests; exact ROM/BPS reproduction; see individual test map	private backup: legacy working-files manifest
narikiri2-an9j-save-fix	tools/preview_item_readability.py	working tree based on 0e18f64a488901a8a565fbcd9da8b7413aa91e10	4230ceefa4dde39f1d7a82c474ab465c2857453bb128ddbedbff05c6c7e26118	historical development/audit driver	NO: historical/private data not selected for publication	tools/build_banked_font.py; tools/reviewed_v09a.py; docs/migration/FOLLOW_UP.md	PRIVATE_ARCHIVE_ONLY	Investigation/catalog/rendering driver depends on privately preserved extracted data, original screenshots or historical candidates. Current product regenerates from exact FFR and reviewed authored inputs; further investigations can consult this private indexed source.	baseline 102 / candidate 134 tests; exact ROM/BPS reproduction; see individual test map	private backup: legacy working-files manifest
narikiri2-an9j-save-fix	tools/preview_private_glyphs.py	working tree based on 0e18f64a488901a8a565fbcd9da8b7413aa91e10	ed78d2b1e1b46e60928b1a491cda556b7f6f13c4f6f3ceaed178ec3425ad8aee	historical development/audit driver	NO: historical/private data not selected for publication	tools/build_banked_font.py; tools/reviewed_v09a.py; docs/migration/FOLLOW_UP.md	PRIVATE_ARCHIVE_ONLY	Investigation/catalog/rendering driver depends on privately preserved extracted data, original screenshots or historical candidates. Current product regenerates from exact FFR and reviewed authored inputs; further investigations can consult this private indexed source.	baseline 102 / candidate 134 tests; exact ROM/BPS reproduction; see individual test map	private backup: legacy working-files manifest
narikiri2-an9j-save-fix	tools/private_font_spec.py	working tree based on 0e18f64a488901a8a565fbcd9da8b7413aa91e10	7a921574b55ef87c2eda12c8fe1ecf8f66245c7b4bbd958424ad88871ed941fc	current implementation/input	Existing canonical authored source/contract	tools/private_font_spec.py	ALREADY_PRESENT	Byte-for-byte equal after LF normalization; current local regression and frozen-product reproduction.	baseline 102 / candidate 134 tests; exact ROM/BPS reproduction; see individual test map	private backup: legacy working-files manifest
narikiri2-an9j-save-fix	tools/probe_compact_font_capacity.py	working tree based on 0e18f64a488901a8a565fbcd9da8b7413aa91e10	085a26a45c21e625201609f0ff42ad4f5bb5bc9b0612f07f1d156030198592cd	historical development/audit driver	NO: historical/private data not selected for publication	tools/build_banked_font.py; tools/reviewed_v09a.py; docs/migration/FOLLOW_UP.md	PRIVATE_ARCHIVE_ONLY	Investigation/catalog/rendering driver depends on privately preserved extracted data, original screenshots or historical candidates. Current product regenerates from exact FFR and reviewed authored inputs; further investigations can consult this private indexed source.	baseline 102 / candidate 134 tests; exact ROM/BPS reproduction; see individual test map	private backup: legacy working-files manifest
narikiri2-an9j-save-fix	tools/probe_item_background.py	working tree based on 0e18f64a488901a8a565fbcd9da8b7413aa91e10	62fabfb3d8be8c94fcd2399c52319ea27d7ae2549522ba2cb518257e9176d643	historical development/audit driver	NO: historical/private data not selected for publication	tools/build_banked_font.py; tools/reviewed_v09a.py; docs/migration/FOLLOW_UP.md	PRIVATE_ARCHIVE_ONLY	Investigation/catalog/rendering driver depends on privately preserved extracted data, original screenshots or historical candidates. Current product regenerates from exact FFR and reviewed authored inputs; further investigations can consult this private indexed source.	baseline 102 / candidate 134 tests; exact ROM/BPS reproduction; see individual test map	private backup: legacy working-files manifest
narikiri2-an9j-save-fix	tools/rebuild_item_text.py	working tree based on 0e18f64a488901a8a565fbcd9da8b7413aa91e10	1ad3c003972b3832fb16d35768a00f047a760495c8be86ed1640230596254354	historical development/audit driver	NO: historical/private data not selected for publication	tools/build_ffr_v09a.py; tools/apply_ffr_v09a.py; tools/package_ffr_v09a_release.py	SUPERSEDED_WITH_EVIDENCE	Old POC/Gate2/b788 development product and JP-input distribution are replaced by exact-FFR cumulative v0.9a; frozen products and rejection tests pass. No old release authorization is transferred.	baseline 102 / candidate 134 tests; exact ROM/BPS reproduction; see individual test map	private backup: legacy working-files manifest
narikiri2-an9j-save-fix	tools/record_development_verification.py	working tree based on 0e18f64a488901a8a565fbcd9da8b7413aa91e10	7cd617f537a5a715575808eaa3eac409ec146de506d23bc8e2de2cbe5f3aa667	reusable regression/diagnostic capability	YES: authored MIT code; reviewed selected scope	tools/record_development_verification.py	IMPORT_REQUIRED	Only unchanged parse_unittest_result function.	baseline 102 / candidate 134 tests; exact ROM/BPS reproduction; see individual test map	private backup: legacy working-files manifest
narikiri2-an9j-save-fix	tools/record_runtime_acceptance.py	working tree based on 0e18f64a488901a8a565fbcd9da8b7413aa91e10	d28f8b4892c3d59a79845cf63bc2173b6351f0998e1d8cf8ceeb2539b123b05b	reusable regression/diagnostic capability	YES: authored MIT code; reviewed selected scope	tools/record_runtime_acceptance.py	IMPORT_REQUIRED	Only the unchanged reusable validate_run function and historical hash defaults; no private report driver.	baseline 102 / candidate 134 tests; exact ROM/BPS reproduction; see individual test map	private backup: legacy working-files manifest
narikiri2-an9j-save-fix	tools/record_save_result.py	working tree based on 0e18f64a488901a8a565fbcd9da8b7413aa91e10	c55d1ba182332a45575c57d500761a04c1a71d120c8f8af1a8929ce671188a35	historical development/audit driver	NO: historical/private data not selected for publication	restore.py; tools/verify_save_fix_guard.py; tools/convert_save.py; tests/test_save_fix.py	SUPERSEDED_WITH_EVIDENCE	Candidate A 79-byte contract, strict EEPROM guard, save conversion tests and frozen output identity cover the active save-repair path; old analysis remains backed up.	baseline 102 / candidate 134 tests; exact ROM/BPS reproduction; see individual test map	private backup: legacy working-files manifest
narikiri2-an9j-save-fix	tools/reference_prose_names.py	working tree based on 0e18f64a488901a8a565fbcd9da8b7413aa91e10	131b5912958296f02014f75b8fad7ba0caf418b8b5aa542ee21fcee296d5df59	current implementation/input	Existing canonical authored source/contract	tools/reference_prose_names.py	ALREADY_PRESENT	Byte-for-byte equal after LF normalization; current local regression and frozen-product reproduction.	baseline 102 / candidate 134 tests; exact ROM/BPS reproduction; see individual test map	private backup: legacy working-files manifest
narikiri2-an9j-save-fix	tools/render_dalmoori_glyph_sheet.py	working tree based on 0e18f64a488901a8a565fbcd9da8b7413aa91e10	e7d6dc16f35eb133ce5ec9a060cd6ed34480e5b56a5dcb0712d645d90d377b60	historical development/audit driver	NO: historical/private data not selected for publication	tools/build_banked_font.py; tools/reviewed_v09a.py; docs/migration/FOLLOW_UP.md	PRIVATE_ARCHIVE_ONLY	Investigation/catalog/rendering driver depends on privately preserved extracted data, original screenshots or historical candidates. Current product regenerates from exact FFR and reviewed authored inputs; further investigations can consult this private indexed source.	baseline 102 / candidate 134 tests; exact ROM/BPS reproduction; see individual test map	private backup: legacy working-files manifest
narikiri2-an9j-save-fix	tools/render_font_sheet.py	working tree based on 0e18f64a488901a8a565fbcd9da8b7413aa91e10	39b7bd6d235b0cf4701dab7dc01ffdc08b8514c853bc5e79a5b03d3d32aa8296	historical development/audit driver	NO: historical/private data not selected for publication	tools/build_banked_font.py; tools/reviewed_v09a.py; docs/migration/FOLLOW_UP.md	PRIVATE_ARCHIVE_ONLY	Investigation/catalog/rendering driver depends on privately preserved extracted data, original screenshots or historical candidates. Current product regenerates from exact FFR and reviewed authored inputs; further investigations can consult this private indexed source.	baseline 102 / candidate 134 tests; exact ROM/BPS reproduction; see individual test map	private backup: legacy working-files manifest
narikiri2-an9j-save-fix	tools/render_item_name_sheet.py	working tree based on 0e18f64a488901a8a565fbcd9da8b7413aa91e10	68c4eaee4989d1f1286ebbb6be5ed8f2b5277c64de4f606d459898647cae1ded	historical development/audit driver	NO: historical/private data not selected for publication	tools/build_banked_font.py; tools/reviewed_v09a.py; docs/migration/FOLLOW_UP.md	PRIVATE_ARCHIVE_ONLY	Investigation/catalog/rendering driver depends on privately preserved extracted data, original screenshots or historical candidates. Current product regenerates from exact FFR and reviewed authored inputs; further investigations can consult this private indexed source.	baseline 102 / candidate 134 tests; exact ROM/BPS reproduction; see individual test map	private backup: legacy working-files manifest
narikiri2-an9j-save-fix	tools/render_item_ui_font_asset.py	working tree based on 0e18f64a488901a8a565fbcd9da8b7413aa91e10	e1d6b930940353a0d33c42a6d2c13974936ae90980464282fa1d2647ff896517	historical development/audit driver	NO: historical/private data not selected for publication	tools/build_banked_font.py; tools/reviewed_v09a.py; docs/migration/FOLLOW_UP.md	PRIVATE_ARCHIVE_ONLY	Investigation/catalog/rendering driver depends on privately preserved extracted data, original screenshots or historical candidates. Current product regenerates from exact FFR and reviewed authored inputs; further investigations can consult this private indexed source.	baseline 102 / candidate 134 tests; exact ROM/BPS reproduction; see individual test map	private backup: legacy working-files manifest
narikiri2-an9j-save-fix	tools/render_runtime_gallery.py	working tree based on 0e18f64a488901a8a565fbcd9da8b7413aa91e10	e9b5a18693a99549e04fe3e4cfb47e0259f490d8258579bec5230f0f9da9b3c5	historical development/audit driver	NO: historical/private data not selected for publication	tools/libretro_probe.py; docs/migration/FOLLOW_UP.md	PRIVATE_ARCHIVE_ONLY	Diagnostic-specific filenames, private baseline screens/recordings or old manifests prevent direct current use. Generic explicit-input host is imported; route adaptation is an open product-QA task, not a release build dependency.	baseline 102 / candidate 134 tests; exact ROM/BPS reproduction; see individual test map	private backup: legacy working-files manifest
narikiri2-an9j-save-fix	tools/render_vbam_ui_pairs.py	working tree based on 0e18f64a488901a8a565fbcd9da8b7413aa91e10	c9eb7540d4dbe9dc2453fcae340259d075bdf934591976acdf7d156a6b01b60c	historical development/audit driver	NO: historical/private data not selected for publication	tools/build_banked_font.py; tools/reviewed_v09a.py; docs/migration/FOLLOW_UP.md	PRIVATE_ARCHIVE_ONLY	Investigation/catalog/rendering driver depends on privately preserved extracted data, original screenshots or historical candidates. Current product regenerates from exact FFR and reviewed authored inputs; further investigations can consult this private indexed source.	baseline 102 / candidate 134 tests; exact ROM/BPS reproduction; see individual test map	private backup: legacy working-files manifest
narikiri2-an9j-save-fix	tools/render_vbam_ui_tiles.py	working tree based on 0e18f64a488901a8a565fbcd9da8b7413aa91e10	9bf346501edef815716332b9c05d40fa291307bd52622fdf3192731d81783f63	current implementation/input	Existing canonical authored source/contract	tools/render_vbam_ui_tiles.py	ALREADY_PRESENT	Byte-for-byte equal after LF normalization; current local regression and frozen-product reproduction.	baseline 102 / candidate 134 tests; exact ROM/BPS reproduction; see individual test map	private backup: legacy working-files manifest
narikiri2-an9j-save-fix	tools/repair_reviewed_script_records.py	working tree based on 0e18f64a488901a8a565fbcd9da8b7413aa91e10	04f5c699f1689e32cb3692e58b6cc2a46fdb183043a1da4a07e1652f5905f6cd	current implementation/input	Existing canonical sanitized/updated counterpart	tools/repair_reviewed_script_records.py	SUPERSEDED_WITH_EVIDENCE	Canonical source-bound authored/hash representation supersedes older raw source text/profile metadata; exact frozen v0.9 and v0.9a builds verify the adopted product, without importing the old corpus.	baseline 102 / candidate 134 tests; exact ROM/BPS reproduction; see individual test map	private backup: legacy working-files manifest
narikiri2-an9j-save-fix	tools/replay_recorded_inputs.py	working tree based on 0e18f64a488901a8a565fbcd9da8b7413aa91e10	c5d752454fdc8d7ed289de7e8dedcb5c2b398e01c0b39bcadd95551f90a1a970	historical development/audit driver	NO: historical/private data not selected for publication	tools/libretro_probe.py; docs/migration/FOLLOW_UP.md	PRIVATE_ARCHIVE_ONLY	Diagnostic-specific filenames, private baseline screens/recordings or old manifests prevent direct current use. Generic explicit-input host is imported; route adaptation is an open product-QA task, not a release build dependency.	baseline 102 / candidate 134 tests; exact ROM/BPS reproduction; see individual test map	private backup: legacy working-files manifest
narikiri2-an9j-save-fix	tools/runtime_item_fixture.py	working tree based on 0e18f64a488901a8a565fbcd9da8b7413aa91e10	bcaa0a0078f8e2222964f9458d106cdae3bfa60650149f10fee41bc2ff6821d4	historical development/audit driver	NO: historical/private data not selected for publication	tools/libretro_probe.py; docs/migration/FOLLOW_UP.md	PRIVATE_ARCHIVE_ONLY	Diagnostic-specific filenames, private baseline screens/recordings or old manifests prevent direct current use. Generic explicit-input host is imported; route adaptation is an open product-QA task, not a release build dependency.	baseline 102 / candidate 134 tests; exact ROM/BPS reproduction; see individual test map	private backup: legacy working-files manifest
narikiri2-an9j-save-fix	tools/run_banked_item_matrix.py	working tree based on 0e18f64a488901a8a565fbcd9da8b7413aa91e10	f74fd7d744e93ae6ba54496755ad9e18ca112c86212d61b214aa75c5479c94c8	historical development/audit driver	NO: historical/private data not selected for publication	tools/libretro_probe.py; docs/migration/FOLLOW_UP.md	PRIVATE_ARCHIVE_ONLY	Diagnostic-specific filenames, private baseline screens/recordings or old manifests prevent direct current use. Generic explicit-input host is imported; route adaptation is an open product-QA task, not a release build dependency.	baseline 102 / candidate 134 tests; exact ROM/BPS reproduction; see individual test map	private backup: legacy working-files manifest
narikiri2-an9j-save-fix	tools/run_book_name_matrix.py	working tree based on 0e18f64a488901a8a565fbcd9da8b7413aa91e10	14f32127360265b8d624dbbc8934305ac1923a5c7c7df1faac80d675c37edbfe	historical development/audit driver	NO: historical/private data not selected for publication	tools/libretro_probe.py; docs/migration/FOLLOW_UP.md	PRIVATE_ARCHIVE_ONLY	Diagnostic-specific filenames, private baseline screens/recordings or old manifests prevent direct current use. Generic explicit-input host is imported; route adaptation is an open product-QA task, not a release build dependency.	baseline 102 / candidate 134 tests; exact ROM/BPS reproduction; see individual test map	private backup: legacy working-files manifest
narikiri2-an9j-save-fix	tools/run_default_name_story.py	working tree based on 0e18f64a488901a8a565fbcd9da8b7413aa91e10	abb828a84ebeb0e82e28f7d62e62a4b6da53d3ce4be629da61153203f4e19b68	historical development/audit driver	NO: historical/private data not selected for publication	tools/libretro_probe.py; docs/migration/FOLLOW_UP.md	PRIVATE_ARCHIVE_ONLY	Diagnostic-specific filenames, private baseline screens/recordings or old manifests prevent direct current use. Generic explicit-input host is imported; route adaptation is an open product-QA task, not a release build dependency.	baseline 102 / candidate 134 tests; exact ROM/BPS reproduction; see individual test map	private backup: legacy working-files manifest
narikiri2-an9j-save-fix	tools/save_fix_spec.py	working tree based on 0e18f64a488901a8a565fbcd9da8b7413aa91e10	d7b24cf131946e6ba31df838a2739c320e5f5c193eb19c915df615ca279b94f6	current implementation/input	Existing canonical authored source/contract	tools/save_fix_spec.py	ALREADY_PRESENT	Byte-for-byte equal after LF normalization; current local regression and frozen-product reproduction.	baseline 102 / candidate 134 tests; exact ROM/BPS reproduction; see individual test map	private backup: legacy working-files manifest
narikiri2-an9j-save-fix	tools/source_profiles.py	working tree based on 0e18f64a488901a8a565fbcd9da8b7413aa91e10	698a5c5b15b08857d621d6be97764216768e8650b0e9980eb7afd37f13cf403d	current implementation/input	Existing canonical authored source/contract	tools/source_profiles.py	ALREADY_PRESENT	Byte-for-byte equal after LF normalization; current local regression and frozen-product reproduction.	baseline 102 / candidate 134 tests; exact ROM/BPS reproduction; see individual test map	private backup: legacy working-files manifest
narikiri2-an9j-save-fix	tools/survey_expanded_text.py	working tree based on 0e18f64a488901a8a565fbcd9da8b7413aa91e10	aaa07c5258b2725355b0068effd943a6f20d33cf5205542e6c43b60db6ba10fa	historical development/audit driver	NO: historical/private data not selected for publication	tools/build_banked_font.py; tools/reviewed_v09a.py; docs/migration/FOLLOW_UP.md	PRIVATE_ARCHIVE_ONLY	Investigation/catalog/rendering driver depends on privately preserved extracted data, original screenshots or historical candidates. Current product regenerates from exact FFR and reviewed authored inputs; further investigations can consult this private indexed source.	baseline 102 / candidate 134 tests; exact ROM/BPS reproduction; see individual test map	private backup: legacy working-files manifest
narikiri2-an9j-save-fix	tools/transcribe_compact_font.py	working tree based on 0e18f64a488901a8a565fbcd9da8b7413aa91e10	4f5fe3e62bbda5dc538e1e33481594e812fbcbde885ed652d04ad0cb72caab86	current implementation/input	Existing canonical authored source/contract	tools/transcribe_compact_font.py	ALREADY_PRESENT	Byte-for-byte equal after LF normalization; current local regression and frozen-product reproduction.	baseline 102 / candidate 134 tests; exact ROM/BPS reproduction; see individual test map	private backup: legacy working-files manifest
narikiri2-an9j-save-fix	tools/translated_ui_graphics.py	working tree based on 0e18f64a488901a8a565fbcd9da8b7413aa91e10	354ef237e6c9a614441d41b712b7d2ebedb2da60c5ce408b7a6d1c40542bf100	current implementation/input	Existing canonical authored source/contract	tools/translated_ui_graphics.py	ALREADY_PRESENT	Byte-for-byte equal after LF normalization; current local regression and frozen-product reproduction.	baseline 102 / candidate 134 tests; exact ROM/BPS reproduction; see individual test map	private backup: legacy working-files manifest
narikiri2-an9j-save-fix	tools/verify_candidate.py	working tree based on 0e18f64a488901a8a565fbcd9da8b7413aa91e10	6659cb84db6022feacdfb004b32bc9bd28871bada602b3045972f4bf9340e731	historical development/audit driver	NO: historical/private data not selected for publication	restore.py; tools/verify_save_fix_guard.py; tools/convert_save.py; tests/test_save_fix.py	SUPERSEDED_WITH_EVIDENCE	Candidate A 79-byte contract, strict EEPROM guard, save conversion tests and frozen output identity cover the active save-repair path; old analysis remains backed up.	baseline 102 / candidate 134 tests; exact ROM/BPS reproduction; see individual test map	private backup: legacy working-files manifest
narikiri2-an9j-save-fix	tools/verify_complete_development.py	working tree based on 0e18f64a488901a8a565fbcd9da8b7413aa91e10	f1025f38872425de4f1bdc73b46574f247e6e72262cfd1582c0d24d2508d188d	historical development/audit driver	NO: historical/private data not selected for publication	tools/build_ffr_v09a.py; tools/apply_ffr_v09a.py; tools/package_ffr_v09a_release.py	SUPERSEDED_WITH_EVIDENCE	Old POC/Gate2/b788 development product and JP-input distribution are replaced by exact-FFR cumulative v0.9a; frozen products and rejection tests pass. No old release authorization is transferred.	baseline 102 / candidate 134 tests; exact ROM/BPS reproduction; see individual test map	private backup: legacy working-files manifest
narikiri2-an9j-save-fix	tools/verify_inputs.py	working tree based on 0e18f64a488901a8a565fbcd9da8b7413aa91e10	8070e826f025eb443712338cd56586271d31c9c782627cc057eae86dbbac68a5	current implementation/input	Existing canonical authored source/contract	tools/verify_inputs.py	ALREADY_PRESENT	Byte-for-byte equal after LF normalization; current local regression and frozen-product reproduction.	baseline 102 / candidate 134 tests; exact ROM/BPS reproduction; see individual test map	private backup: legacy working-files manifest
narikiri2-an9j-save-fix	tools/verify_save_fix_guard.py	working tree based on 0e18f64a488901a8a565fbcd9da8b7413aa91e10	40250102a019b5b829c11a88a3c81a3fe3dcfbb167262bb8e5c9098818dcd635	current implementation/input	Existing canonical authored source/contract	tools/verify_save_fix_guard.py	ALREADY_PRESENT	Byte-for-byte equal after LF normalization; current local regression and frozen-product reproduction.	baseline 102 / candidate 134 tests; exact ROM/BPS reproduction; see individual test map	private backup: legacy working-files manifest
narikiri2-an9j-save-fix	translation/banked_arte_names.tsv	working tree based on 0e18f64a488901a8a565fbcd9da8b7413aa91e10	467fda7bc181d41360b53c4bd8200874a4af354bef1827909f0be9d04130d1b2	current implementation/input	Existing canonical authored source/contract	translation/banked_arte_names.tsv	ALREADY_PRESENT	Byte-for-byte equal after LF normalization; current local regression and frozen-product reproduction.	baseline 102 / candidate 134 tests; exact ROM/BPS reproduction; see individual test map	private backup: legacy working-files manifest
narikiri2-an9j-save-fix	translation/banked_full_names.tsv	working tree based on 0e18f64a488901a8a565fbcd9da8b7413aa91e10	bb701386a8eaed3272eacfd22de7a95145cece990316470c263018fc727d49a6	current implementation/input	Existing canonical sanitized/updated counterpart	translation/banked_full_names.tsv	SUPERSEDED_WITH_EVIDENCE	Canonical source-bound authored/hash representation supersedes older raw source text/profile metadata; exact frozen v0.9 and v0.9a builds verify the adopted product, without importing the old corpus.	baseline 102 / candidate 134 tests; exact ROM/BPS reproduction; see individual test map	private backup: legacy working-files manifest
narikiri2-an9j-save-fix	translation/banked_item_names.tsv	working tree based on 0e18f64a488901a8a565fbcd9da8b7413aa91e10	9f19bb82454014c01049080abf48895cbe41946ed9fc6b214c77979ea2e5cb78	current implementation/input	Existing canonical authored source/contract	translation/banked_item_names.tsv	ALREADY_PRESENT	Byte-for-byte equal after LF normalization; current local regression and frozen-product reproduction.	baseline 102 / candidate 134 tests; exact ROM/BPS reproduction; see individual test map	private backup: legacy working-files manifest
narikiri2-an9j-save-fix	translation/banked_job_names.tsv	working tree based on 0e18f64a488901a8a565fbcd9da8b7413aa91e10	e845c71f7f6f712b3971b7219b38c1472963629b9d4652b94225996bbcc2d5d3	current implementation/input	Existing canonical authored source/contract	translation/banked_job_names.tsv	ALREADY_PRESENT	Byte-for-byte equal after LF normalization; current local regression and frozen-product reproduction.	baseline 102 / candidate 134 tests; exact ROM/BPS reproduction; see individual test map	private backup: legacy working-files manifest
narikiri2-an9j-save-fix	translation/banked_misc_names.tsv	working tree based on 0e18f64a488901a8a565fbcd9da8b7413aa91e10	6a04e6507493cb40adf67cff5482a1ef5cb3ad843e33da7a79b656e033c46c40	current implementation/input	Existing canonical authored source/contract	translation/banked_misc_names.tsv	ALREADY_PRESENT	Byte-for-byte equal after LF normalization; current local regression and frozen-product reproduction.	baseline 102 / candidate 134 tests; exact ROM/BPS reproduction; see individual test map	private backup: legacy working-files manifest
narikiri2-an9j-save-fix	translation/banked_monster_names.tsv	working tree based on 0e18f64a488901a8a565fbcd9da8b7413aa91e10	ec9b04a20afb823bdeb11f7fa748ae9af1baf82f57ee51924eab3e92e3302d11	current implementation/input	Existing canonical authored source/contract	translation/banked_monster_names.tsv	ALREADY_PRESENT	Byte-for-byte equal after LF normalization; current local regression and frozen-product reproduction.	baseline 102 / candidate 134 tests; exact ROM/BPS reproduction; see individual test map	private backup: legacy working-files manifest
narikiri2-an9j-save-fix	translation/banked_name_review.md	working tree based on 0e18f64a488901a8a565fbcd9da8b7413aa91e10	d2a556f315e530478cef63b12f82352ce5173305702f0109ff40f9b960181c99	historical investigation/reference	NO: historical/private data not selected for publication		PRIVATE_ARCHIVE_ONLY	Preserved by SHA-256 in the private working-file manifest; not a current product dependency.	baseline 102 / candidate 134 tests; exact ROM/BPS reproduction; see individual test map	private backup: legacy working-files manifest
narikiri2-an9j-save-fix	translation/banked_selector_names.tsv	working tree based on 0e18f64a488901a8a565fbcd9da8b7413aa91e10	e7dd719569afd6ebda4133ac6274e4f07f048b29141ab7eeafa8c6b92dc49ae8	current implementation/input	Existing canonical authored source/contract	translation/banked_selector_names.tsv	ALREADY_PRESENT	Byte-for-byte equal after LF normalization; current local regression and frozen-product reproduction.	baseline 102 / candidate 134 tests; exact ROM/BPS reproduction; see individual test map	private backup: legacy working-files manifest
narikiri2-an9j-save-fix	translation/banked_ui_text.json	working tree based on 0e18f64a488901a8a565fbcd9da8b7413aa91e10	2ca49bbec578135fabb055374402196545fffe559f965c42b043b6c54b10a92a	current implementation/input	Existing canonical authored source/contract	translation/banked_ui_text.json	ALREADY_PRESENT	Byte-for-byte equal after LF normalization; current local regression and frozen-product reproduction.	baseline 102 / candidate 134 tests; exact ROM/BPS reproduction; see individual test map	private backup: legacy working-files manifest
narikiri2-an9j-save-fix	translation/complete_item_edits.csv	working tree based on 0e18f64a488901a8a565fbcd9da8b7413aa91e10	1284ea5799b0939187ecb5af72a66e33ba99240ad4eeb64caff70b6a5943945d	current implementation/input	Existing canonical authored source/contract	translation/complete_item_edits.csv	ALREADY_PRESENT	Byte-for-byte equal after LF normalization; current local regression and frozen-product reproduction.	baseline 102 / candidate 134 tests; exact ROM/BPS reproduction; see individual test map	private backup: legacy working-files manifest
narikiri2-an9j-save-fix	translation/confirmed_description_edits.json	working tree based on 0e18f64a488901a8a565fbcd9da8b7413aa91e10	345581542e3759b6d152ad6fa766cb2ba87c65a491e645340ad8ac172855d9cc	current implementation/input	Existing canonical sanitized/updated counterpart	translation/confirmed_description_edits.json	SUPERSEDED_WITH_EVIDENCE	Canonical source-bound authored/hash representation supersedes older raw source text/profile metadata; exact frozen v0.9 and v0.9a builds verify the adopted product, without importing the old corpus.	baseline 102 / candidate 134 tests; exact ROM/BPS reproduction; see individual test map	private backup: legacy working-files manifest
narikiri2-an9j-save-fix	translation/default_protagonist_names.json	working tree based on 0e18f64a488901a8a565fbcd9da8b7413aa91e10	86ee59f9b5f25da4dc27b4041e56e47069ec37330760a6b13e6916d494ed7b01	current implementation/input	Existing canonical authored source/contract	translation/default_protagonist_names.json	ALREADY_PRESENT	Byte-for-byte equal after LF normalization; current local regression and frozen-product reproduction.	baseline 102 / candidate 134 tests; exact ROM/BPS reproduction; see individual test map	private backup: legacy working-files manifest
narikiri2-an9j-save-fix	translation/item_spacing_decisions.json	working tree based on 0e18f64a488901a8a565fbcd9da8b7413aa91e10	6498416458110f5ae4fea316f21150f5737efa0d94838395a1089e281db404e8	current implementation/input	Existing canonical authored source/contract	translation/item_spacing_decisions.json	ALREADY_PRESENT	Byte-for-byte equal after LF normalization; current local regression and frozen-product reproduction.	baseline 102 / candidate 134 tests; exact ROM/BPS reproduction; see individual test map	private backup: legacy working-files manifest
narikiri2-an9j-save-fix	translation/reference_costume_names.tsv	working tree based on 0e18f64a488901a8a565fbcd9da8b7413aa91e10	3303c89bf91b8317c7bcee63f5ef626927a87c2eb52d46a64e575a2f9f58d99d	current implementation/input	Existing canonical authored source/contract	translation/reference_costume_names.tsv	ALREADY_PRESENT	Byte-for-byte equal after LF normalization; current local regression and frozen-product reproduction.	baseline 102 / candidate 134 tests; exact ROM/BPS reproduction; see individual test map	private backup: legacy working-files manifest
narikiri2-an9j-save-fix	translation/reference_name_adoption.json	working tree based on 0e18f64a488901a8a565fbcd9da8b7413aa91e10	193fec51fd372a90bb841679c199bad04bb95479d9039657710b69aaf9b7ea1c	historical investigation/reference	NO: historical/private data not selected for publication		PRIVATE_ARCHIVE_ONLY	Preserved by SHA-256 in the private working-file manifest; not a current product dependency.	baseline 102 / candidate 134 tests; exact ROM/BPS reproduction; see individual test map	private backup: legacy working-files manifest
narikiri2-an9j-save-fix	translation/reference_prose_name_edits.json	working tree based on 0e18f64a488901a8a565fbcd9da8b7413aa91e10	5cc4af00daafbf85948a8d6f368f75b8698490c34cda046b87e699f425c4aa8a	current implementation/input	Existing canonical authored source/contract	translation/reference_prose_name_edits.json	ALREADY_PRESENT	Byte-for-byte equal after LF normalization; current local regression and frozen-product reproduction.	baseline 102 / candidate 134 tests; exact ROM/BPS reproduction; see individual test map	private backup: legacy working-files manifest
narikiri2-an9j-save-fix	translation/reviewed_script_repairs.json	working tree based on 0e18f64a488901a8a565fbcd9da8b7413aa91e10	044e348657577fa523be76e77eca55db7dddd36dd110b5ebed04e5a840047163	current implementation/input	Existing canonical sanitized/updated counterpart	translation/reviewed_script_repairs.json	SUPERSEDED_WITH_EVIDENCE	Canonical source-bound authored/hash representation supersedes older raw source text/profile metadata; exact frozen v0.9 and v0.9a builds verify the adopted product, without importing the old corpus.	baseline 102 / candidate 134 tests; exact ROM/BPS reproduction; see individual test map	private backup: legacy working-files manifest
narikiri2-an9j-save-fix	translations/item_name_overrides.json	working tree based on 0e18f64a488901a8a565fbcd9da8b7413aa91e10	8344f57985700e1648a9018e121c213abf4087ece96da20bf05f4894273f83d1	historical investigation/reference	NO: historical/private data not selected for publication		PRIVATE_ARCHIVE_ONLY	Preserved by SHA-256 in the private working-file manifest; not a current product dependency.	baseline 102 / candidate 134 tests; exact ROM/BPS reproduction; see individual test map	private backup: legacy working-files manifest
narikiri2-an9j-save-fix	translations/item_name_review.json	working tree based on 0e18f64a488901a8a565fbcd9da8b7413aa91e10	4be3df128389863e0b377a9235fca98da5d2aab23c761df778487b82763408a7	historical investigation/reference	NO: historical/private data not selected for publication		PRIVATE_ARCHIVE_ONLY	Preserved by SHA-256 in the private working-file manifest; not a current product dependency.	baseline 102 / candidate 134 tests; exact ROM/BPS reproduction; see individual test map	private backup: legacy working-files manifest
narikiri2-an9j-save-fix	verification/v0.9.json	working tree based on 0e18f64a488901a8a565fbcd9da8b7413aa91e10	c474ea80b2308c1afe0c74ecf33b88f240cbec782be396c0c8d81d1f780757d1	current implementation/input	Existing canonical authored source/contract	verification/v0.9.json	ALREADY_PRESENT	Byte-for-byte equal after LF normalization; current local regression and frozen-product reproduction.	baseline 102 / candidate 134 tests; exact ROM/BPS reproduction; see individual test map	private backup: legacy working-files manifest
narikiri2-an9j-save-fix	analysis/previews/arte_source_custom_kanji.png	working tree based on 0e18f64a488901a8a565fbcd9da8b7413aa91e10	6c6d30bf58522bb82bd0350724ae490cca6cbf3e9cd9e7354ba8bc3df51f77e7	historical investigation/reference	NO: historical/private data not selected for publication		PRIVATE_ARCHIVE_ONLY	Preserved by SHA-256 in the private working-file manifest; not a current product dependency.	baseline 102 / candidate 134 tests; exact ROM/BPS reproduction; see individual test map	private backup: legacy working-files manifest
narikiri2-an9j-save-fix	analysis/previews/ascii_compact_font.png	working tree based on 0e18f64a488901a8a565fbcd9da8b7413aa91e10	db4ae04fe2aeb19db0f614d370c2bb55e0dd1267d919ffb1247225e87b778956	historical investigation/reference	NO: historical/private data not selected for publication		PRIVATE_ARCHIVE_ONLY	Preserved by SHA-256 in the private working-file manifest; not a current product dependency.	baseline 102 / candidate 134 tests; exact ROM/BPS reproduction; see individual test map	private backup: legacy working-files manifest
narikiri2-an9j-save-fix	analysis/previews/compact_comparison.png	working tree based on 0e18f64a488901a8a565fbcd9da8b7413aa91e10	67d599dbefb3281a6adbc0ff17f30c581809883e848ac30e4fb22cd69155bfe4	historical investigation/reference	NO: historical/private data not selected for publication		PRIVATE_ARCHIVE_ONLY	Preserved by SHA-256 in the private working-file manifest; not a current product dependency.	baseline 102 / candidate 134 tests; exact ROM/BPS reproduction; see individual test map	private backup: legacy working-files manifest
narikiri2-an9j-save-fix	analysis/previews/compact_font_all_tiles.png	working tree based on 0e18f64a488901a8a565fbcd9da8b7413aa91e10	efacf24d1fd8a9e8db9f112b852e04fb2c4f2c2fbd9236b6035289aa9f098ad4	historical investigation/reference	NO: historical/private data not selected for publication		PRIVATE_ARCHIVE_ONLY	Preserved by SHA-256 in the private working-file manifest; not a current product dependency.	baseline 102 / candidate 134 tests; exact ROM/BPS reproduction; see individual test map	private backup: legacy working-files manifest
narikiri2-an9j-save-fix	analysis/previews/compact_font_bank.png	working tree based on 0e18f64a488901a8a565fbcd9da8b7413aa91e10	0ddfa987f6bd0de644b6b31e65bef4a2b99c7d04be8f34b166745ea7a0eeb755	historical investigation/reference	NO: historical/private data not selected for publication		PRIVATE_ARCHIVE_ONLY	Preserved by SHA-256 in the private working-file manifest; not a current product dependency.	baseline 102 / candidate 134 tests; exact ROM/BPS reproduction; see individual test map	private backup: legacy working-files manifest
narikiri2-an9j-save-fix	analysis/previews/complete_compact_font.png	working tree based on 0e18f64a488901a8a565fbcd9da8b7413aa91e10	bac7a19e8c104f8aa4d4c622c6c85bd3024246ff54b33cc821a3ef8bb0561641	historical investigation/reference	NO: historical/private data not selected for publication		PRIVATE_ARCHIVE_ONLY	Preserved by SHA-256 in the private working-file manifest; not a current product dependency.	baseline 102 / candidate 134 tests; exact ROM/BPS reproduction; see individual test map	private backup: legacy working-files manifest
narikiri2-an9j-save-fix	analysis/previews/dalmoori_required_glyphs.png	working tree based on 0e18f64a488901a8a565fbcd9da8b7413aa91e10	ccf31c4691168ea5bb02dcca37b4eeee0c2d435715ace6cf13e545770b8d2a61	historical investigation/reference	NO: historical/private data not selected for publication		PRIVATE_ARCHIVE_ONLY	Preserved by SHA-256 in the private working-file manifest; not a current product dependency.	baseline 102 / candidate 134 tests; exact ROM/BPS reproduction; see individual test map	private backup: legacy working-files manifest
narikiri2-an9j-save-fix	analysis/previews/giyeok_pairs.png	working tree based on 0e18f64a488901a8a565fbcd9da8b7413aa91e10	d87e7f5e9ab7ae5177d4f7596d0e0face10e3b9202696c456252dacc30c5c465	historical investigation/reference	NO: historical/private data not selected for publication		PRIVATE_ARCHIVE_ONLY	Preserved by SHA-256 in the private working-file manifest; not a current product dependency.	baseline 102 / candidate 134 tests; exact ROM/BPS reproduction; see individual test map	private backup: legacy working-files manifest
narikiri2-an9j-save-fix	analysis/previews/item_names_000_023.png	working tree based on 0e18f64a488901a8a565fbcd9da8b7413aa91e10	dc68ec0f19481379188aab5ccd05662e8397ed182d31968d53a9c708d4d85796	historical investigation/reference	NO: historical/private data not selected for publication		PRIVATE_ARCHIVE_ONLY	Preserved by SHA-256 in the private working-file manifest; not a current product dependency.	baseline 102 / candidate 134 tests; exact ROM/BPS reproduction; see individual test map	private backup: legacy working-files manifest
narikiri2-an9j-save-fix	analysis/previews/item_names_024_047.png	working tree based on 0e18f64a488901a8a565fbcd9da8b7413aa91e10	4585de23a8476476651623a981d7b569e309c1359bf305dd4dd310f63741e1d7	historical investigation/reference	NO: historical/private data not selected for publication		PRIVATE_ARCHIVE_ONLY	Preserved by SHA-256 in the private working-file manifest; not a current product dependency.	baseline 102 / candidate 134 tests; exact ROM/BPS reproduction; see individual test map	private backup: legacy working-files manifest
narikiri2-an9j-save-fix	analysis/previews/item_names_048_071.png	working tree based on 0e18f64a488901a8a565fbcd9da8b7413aa91e10	17ed78e387fc81bfd8c16c8c9a8239471e438351d01cd97ec929d487ddd36535	historical investigation/reference	NO: historical/private data not selected for publication		PRIVATE_ARCHIVE_ONLY	Preserved by SHA-256 in the private working-file manifest; not a current product dependency.	baseline 102 / candidate 134 tests; exact ROM/BPS reproduction; see individual test map	private backup: legacy working-files manifest
narikiri2-an9j-save-fix	analysis/previews/item_names_072_095.png	working tree based on 0e18f64a488901a8a565fbcd9da8b7413aa91e10	d4ee0a5d6f855b4b39bc4c8953819a8c560c73f851dce447b50c3b095fcfa119	historical investigation/reference	NO: historical/private data not selected for publication		PRIVATE_ARCHIVE_ONLY	Preserved by SHA-256 in the private working-file manifest; not a current product dependency.	baseline 102 / candidate 134 tests; exact ROM/BPS reproduction; see individual test map	private backup: legacy working-files manifest
narikiri2-an9j-save-fix	analysis/previews/item_names_096_119.png	working tree based on 0e18f64a488901a8a565fbcd9da8b7413aa91e10	b9ad21fa0a2de2b51763a62cc2ed0a0e9760b8f98df23231150bcb4f82d86fb1	historical investigation/reference	NO: historical/private data not selected for publication		PRIVATE_ARCHIVE_ONLY	Preserved by SHA-256 in the private working-file manifest; not a current product dependency.	baseline 102 / candidate 134 tests; exact ROM/BPS reproduction; see individual test map	private backup: legacy working-files manifest
narikiri2-an9j-save-fix	analysis/previews/item_names_120_143.png	working tree based on 0e18f64a488901a8a565fbcd9da8b7413aa91e10	930daa956d90d7181f339fb40c9ec5eaacc2b2f5cbfe338cd1519eb6e889a080	historical investigation/reference	NO: historical/private data not selected for publication		PRIVATE_ARCHIVE_ONLY	Preserved by SHA-256 in the private working-file manifest; not a current product dependency.	baseline 102 / candidate 134 tests; exact ROM/BPS reproduction; see individual test map	private backup: legacy working-files manifest
narikiri2-an9j-save-fix	analysis/previews/item_names_144_156.png	working tree based on 0e18f64a488901a8a565fbcd9da8b7413aa91e10	0fcf7d13d1e2659a39d8d4234de52353882d0d7aaa9a1b595731b2b31ac6ccbb	historical investigation/reference	NO: historical/private data not selected for publication		PRIVATE_ARCHIVE_ONLY	Preserved by SHA-256 in the private working-file manifest; not a current product dependency.	baseline 102 / candidate 134 tests; exact ROM/BPS reproduction; see individual test map	private backup: legacy working-files manifest
narikiri2-an9j-save-fix	analysis/previews/item_names_after.png	working tree based on 0e18f64a488901a8a565fbcd9da8b7413aa91e10	81f52345694aefaca344b24ac0845f0e5c5bc02232e002102db8e4044a24099a	historical investigation/reference	NO: historical/private data not selected for publication		PRIVATE_ARCHIVE_ONLY	Preserved by SHA-256 in the private working-file manifest; not a current product dependency.	baseline 102 / candidate 134 tests; exact ROM/BPS reproduction; see individual test map	private backup: legacy working-files manifest
narikiri2-an9j-save-fix	analysis/previews/item_names_before.png	working tree based on 0e18f64a488901a8a565fbcd9da8b7413aa91e10	4950820fb10cea10dde0a21b768dc60fb3c90b468d9fd065b019d473f757ccca	historical investigation/reference	NO: historical/private data not selected for publication		PRIVATE_ARCHIVE_ONLY	Preserved by SHA-256 in the private working-file manifest; not a current product dependency.	baseline 102 / candidate 134 tests; exact ROM/BPS reproduction; see individual test map	private backup: legacy working-files manifest
narikiri2-an9j-save-fix	analysis/previews/item_names_comparison.png	working tree based on 0e18f64a488901a8a565fbcd9da8b7413aa91e10	1295655ac673490d4f78b57f91491ea06361bba47c72e88d3c0174abc48e4695	historical investigation/reference	NO: historical/private data not selected for publication		PRIVATE_ARCHIVE_ONLY	Preserved by SHA-256 in the private working-file manifest; not a current product dependency.	baseline 102 / candidate 134 tests; exact ROM/BPS reproduction; see individual test map	private backup: legacy working-files manifest
narikiri2-an9j-save-fix	analysis/previews/item_name_preview_manifest.json	working tree based on 0e18f64a488901a8a565fbcd9da8b7413aa91e10	01ac2d443052adb1651c2a47b7cd12f011f06da64293d5f3fa82746b19ba19d0	historical investigation/reference	NO: historical/private data not selected for publication		PRIVATE_ARCHIVE_ONLY	Preserved by SHA-256 in the private working-file manifest; not a current product dependency.	baseline 102 / candidate 134 tests; exact ROM/BPS reproduction; see individual test map	private backup: legacy working-files manifest
narikiri2-an9j-save-fix	analysis/previews/regression_names.png	working tree based on 0e18f64a488901a8a565fbcd9da8b7413aa91e10	2476f2778f9b20301072f8aba00c5625dd57607e903312dd702173868be7aa0e	historical investigation/reference	NO: historical/private data not selected for publication		PRIVATE_ARCHIVE_ONLY	Preserved by SHA-256 in the private working-file manifest; not a current product dependency.	baseline 102 / candidate 134 tests; exact ROM/BPS reproduction; see individual test map	private backup: legacy working-files manifest
narikiri2-an9j-save-fix	analysis/previews/resume_8b.png	working tree based on 0e18f64a488901a8a565fbcd9da8b7413aa91e10	a3465ef0cafaad27278832a2d1ec18c78a1d2d10b0d7567302aaeae48ecc5e9e	historical investigation/reference	NO: historical/private data not selected for publication		PRIVATE_ARCHIVE_ONLY	Preserved by SHA-256 in the private working-file manifest; not a current product dependency.	baseline 102 / candidate 134 tests; exact ROM/BPS reproduction; see individual test map	private backup: legacy working-files manifest
narikiri2-an9j-save-fix	analysis/previews/resume_b1_compare.png	working tree based on 0e18f64a488901a8a565fbcd9da8b7413aa91e10	a144b5be1c8218d0bc72d5c42f6475931ba0cdea08f937157dc7ef1dd37f64bb	historical investigation/reference	NO: historical/private data not selected for publication		PRIVATE_ARCHIVE_ONLY	Preserved by SHA-256 in the private working-file manifest; not a current product dependency.	baseline 102 / candidate 134 tests; exact ROM/BPS reproduction; see individual test map	private backup: legacy working-files manifest
narikiri2-an9j-save-fix	analysis/previews/resume_compact_atlas.png	working tree based on 0e18f64a488901a8a565fbcd9da8b7413aa91e10	e503b29a3d65ed789b9ecbdd5439d21b7c1a337ed8c077a1fd006853839ccbce	historical investigation/reference	NO: historical/private data not selected for publication		PRIVATE_ARCHIVE_ONLY	Preserved by SHA-256 in the private working-file manifest; not a current product dependency.	baseline 102 / candidate 134 tests; exact ROM/BPS reproduction; see individual test map	private backup: legacy working-files manifest
narikiri2-an9j-save-fix	analysis/previews/resume_compact_lower.png	working tree based on 0e18f64a488901a8a565fbcd9da8b7413aa91e10	af31c41d3102e0f15bd85848849a1c56fb575d5a59303ed9ccb9fdf9b5f130a5	historical investigation/reference	NO: historical/private data not selected for publication		PRIVATE_ARCHIVE_ONLY	Preserved by SHA-256 in the private working-file manifest; not a current product dependency.	baseline 102 / candidate 134 tests; exact ROM/BPS reproduction; see individual test map	private backup: legacy working-files manifest
narikiri2-an9j-save-fix	analysis/previews/resume_d_glyphs.png	working tree based on 0e18f64a488901a8a565fbcd9da8b7413aa91e10	88417b08b421115ff8a21eb0bf4204a94f305a107a088bb3a49ba424053f1955	historical investigation/reference	NO: historical/private data not selected for publication		PRIVATE_ARCHIVE_ONLY	Preserved by SHA-256 in the private working-file manifest; not a current product dependency.	baseline 102 / candidate 134 tests; exact ROM/BPS reproduction; see individual test map	private backup: legacy working-files manifest
narikiri2-an9j-save-fix	analysis/previews/resume_large_fragments.png	working tree based on 0e18f64a488901a8a565fbcd9da8b7413aa91e10	cb360fa0b183029ece39722a7ad0d34d5977a97a28eaf828ceebfcdddd083340	historical investigation/reference	NO: historical/private data not selected for publication		PRIVATE_ARCHIVE_ONLY	Preserved by SHA-256 in the private working-file manifest; not a current product dependency.	baseline 102 / candidate 134 tests; exact ROM/BPS reproduction; see individual test map	private backup: legacy working-files manifest
narikiri2-an9j-save-fix	analysis/private/battle_ending_recording.jsonl	working tree based on 0e18f64a488901a8a565fbcd9da8b7413aa91e10	a5a17248a5e7b8eb2b12a2da97b9f8fcc38cd1d8896064016aa319ed16dab62d	historical investigation/reference	NO: historical/private data not selected for publication		PRIVATE_ARCHIVE_ONLY	Preserved by SHA-256 in the private working-file manifest; not a current product dependency.	baseline 102 / candidate 134 tests; exact ROM/BPS reproduction; see individual test map	private backup: legacy working-files manifest
narikiri2-an9j-save-fix	analysis/private/battle_hud_recording.jsonl	working tree based on 0e18f64a488901a8a565fbcd9da8b7413aa91e10	f3fe70bffa1dbeb6639057198b2430d22ed5a494b2e60537f8e0279b87f7de6a	historical investigation/reference	NO: historical/private data not selected for publication		PRIVATE_ARCHIVE_ONLY	Preserved by SHA-256 in the private working-file manifest; not a current product dependency.	baseline 102 / candidate 134 tests; exact ROM/BPS reproduction; see individual test map	private backup: legacy working-files manifest
narikiri2-an9j-save-fix	analysis/private/canonical_snapshot_import.json	working tree based on 0e18f64a488901a8a565fbcd9da8b7413aa91e10	c57f1eae9f7df029dae827a69aa46f3d502d1b565a3c38af9ff0633858352059	historical investigation/reference	NO: historical/private data not selected for publication		PRIVATE_ARCHIVE_ONLY	Preserved by SHA-256 in the private working-file manifest; not a current product dependency.	baseline 102 / candidate 134 tests; exact ROM/BPS reproduction; see individual test map	private backup: legacy working-files manifest
narikiri2-an9j-save-fix	analysis/private/compact_display_transcription.csv	working tree based on 0e18f64a488901a8a565fbcd9da8b7413aa91e10	8e0a715cdd3ce4ca2483dce5477dd3bb01208984602643b9aae1b9685482ddf9	historical investigation/reference	NO: historical/private data not selected for publication		PRIVATE_ARCHIVE_ONLY	Preserved by SHA-256 in the private working-file manifest; not a current product dependency.	baseline 102 / candidate 134 tests; exact ROM/BPS reproduction; see individual test map	private backup: legacy working-files manifest
narikiri2-an9j-save-fix	analysis/private/compact_residual_references.csv	working tree based on 0e18f64a488901a8a565fbcd9da8b7413aa91e10	f8b88d1ad1ad149e88242a7926bade6030c11a2f52e4c6cfaceafc71479a27c8	historical investigation/reference	NO: historical/private data not selected for publication		PRIVATE_ARCHIVE_ONLY	Preserved by SHA-256 in the private working-file manifest; not a current product dependency.	baseline 102 / candidate 134 tests; exact ROM/BPS reproduction; see individual test map	private backup: legacy working-files manifest
narikiri2-an9j-save-fix	analysis/private/compact_target_candidates.csv	working tree based on 0e18f64a488901a8a565fbcd9da8b7413aa91e10	00fa11b703800fac46d4da681c2db02624c4815f7b4f29ad471f4040b82c138f	historical investigation/reference	NO: historical/private data not selected for publication		PRIVATE_ARCHIVE_ONLY	Preserved by SHA-256 in the private working-file manifest; not a current product dependency.	baseline 102 / candidate 134 tests; exact ROM/BPS reproduction; see individual test map	private backup: legacy working-files manifest
narikiri2-an9j-save-fix	analysis/private/compact_tile_hypotheses.json	working tree based on 0e18f64a488901a8a565fbcd9da8b7413aa91e10	6de59264ee3b1d7458e6daf9e64179c4dfee538df865be93da7b05d9428c51f5	historical investigation/reference	NO: historical/private data not selected for publication		PRIVATE_ARCHIVE_ONLY	Preserved by SHA-256 in the private working-file manifest; not a current product dependency.	baseline 102 / candidate 134 tests; exact ROM/BPS reproduction; see individual test map	private backup: legacy working-files manifest
narikiri2-an9j-save-fix	analysis/private/compact_translation_autodraft.csv	working tree based on 0e18f64a488901a8a565fbcd9da8b7413aa91e10	a12ff1fd42eb1cc5512614d535c240a3c8095398a0e944050dcf6caeaeae7397	historical investigation/reference	NO: historical/private data not selected for publication		PRIVATE_ARCHIVE_ONLY	Preserved by SHA-256 in the private working-file manifest; not a current product dependency.	baseline 102 / candidate 134 tests; exact ROM/BPS reproduction; see individual test map	private backup: legacy working-files manifest
narikiri2-an9j-save-fix	analysis/private/extended_compact_fields.csv	working tree based on 0e18f64a488901a8a565fbcd9da8b7413aa91e10	908aba612dbba5f2c5360ef92cc880821b7a3733e04214adb6053fd76f4f10cd	historical investigation/reference	NO: historical/private data not selected for publication		PRIVATE_ARCHIVE_ONLY	Preserved by SHA-256 in the private working-file manifest; not a current product dependency.	baseline 102 / candidate 134 tests; exact ROM/BPS reproduction; see individual test map	private backup: legacy working-files manifest
narikiri2-an9j-save-fix	analysis/private/finish_v09_delivery.py	working tree based on 0e18f64a488901a8a565fbcd9da8b7413aa91e10	9cc0b0fc5c236165d706d6d691d39f5647e2c48182de912707451a12323fa511	historical investigation/reference	NO: historical/private data not selected for publication		PRIVATE_ARCHIVE_ONLY	Preserved by SHA-256 in the private working-file manifest; not a current product dependency.	baseline 102 / candidate 134 tests; exact ROM/BPS reproduction; see individual test map	private backup: legacy working-files manifest
narikiri2-an9j-save-fix	analysis/private/import_v09_snapshot.py	working tree based on 0e18f64a488901a8a565fbcd9da8b7413aa91e10	1f838ac09b1b07bab6d7479bb3786570d60ad104c9a6ae7aaf6f0ce12dcf98db	historical investigation/reference	NO: historical/private data not selected for publication		PRIVATE_ARCHIVE_ONLY	Preserved by SHA-256 in the private working-file manifest; not a current product dependency.	baseline 102 / candidate 134 tests; exact ROM/BPS reproduction; see individual test map	private backup: legacy working-files manifest
narikiri2-an9j-save-fix	analysis/private/product_dependency_closure.json	working tree based on 0e18f64a488901a8a565fbcd9da8b7413aa91e10	f714987f2afba4175c4b0d213ee6a9579525a27a02774456d9cad8f9d333d1d7	historical investigation/reference	NO: historical/private data not selected for publication		PRIVATE_ARCHIVE_ONLY	Preserved by SHA-256 in the private working-file manifest; not a current product dependency.	baseline 102 / candidate 134 tests; exact ROM/BPS reproduction; see individual test map	private backup: legacy working-files manifest
narikiri2-an9j-save-fix	analysis/private/record32_verification.py	working tree based on 0e18f64a488901a8a565fbcd9da8b7413aa91e10	33bb4dd5201d1f141046c8759329cbaa2e1893323241a63e14ec190e2bab46a0	historical investigation/reference	NO: historical/private data not selected for publication		PRIVATE_ARCHIVE_ONLY	Preserved by SHA-256 in the private working-file manifest; not a current product dependency.	baseline 102 / candidate 134 tests; exact ROM/BPS reproduction; see individual test map	private backup: legacy working-files manifest
narikiri2-an9j-save-fix	analysis/private/reference_prose_name_review.json	working tree based on 0e18f64a488901a8a565fbcd9da8b7413aa91e10	7fae4cacdd55cf7384a1db7fb0a5060e0a39d2b1d0a564682ac2cbe8bc26ad01	historical investigation/reference	NO: historical/private data not selected for publication		PRIVATE_ARCHIVE_ONLY	Preserved by SHA-256 in the private working-file manifest; not a current product dependency.	baseline 102 / candidate 134 tests; exact ROM/BPS reproduction; see individual test map	private backup: legacy working-files manifest
narikiri2-an9j-save-fix	analysis/private/relative_container_candidates.json	working tree based on 0e18f64a488901a8a565fbcd9da8b7413aa91e10	dcd2acc8e84b39a136432111df3fd8460671d296bd560c293de544d9fc53bd76	historical investigation/reference	NO: historical/private data not selected for publication		PRIVATE_ARCHIVE_ONLY	Preserved by SHA-256 in the private working-file manifest; not a current product dependency.	baseline 102 / candidate 134 tests; exact ROM/BPS reproduction; see individual test map	private backup: legacy working-files manifest
narikiri2-an9j-save-fix	analysis/private/unchanged_pointer_owner_review.json	working tree based on 0e18f64a488901a8a565fbcd9da8b7413aa91e10	7df9f6ce377f8a631efb3d707f5e4b69090514b1db038900821c8275e1b41c49	historical investigation/reference	NO: historical/private data not selected for publication		PRIVATE_ARCHIVE_ONLY	Preserved by SHA-256 in the private working-file manifest; not a current product dependency.	baseline 102 / candidate 134 tests; exact ROM/BPS reproduction; see individual test map	private backup: legacy working-files manifest
narikiri2-an9j-save-fix	analysis/private/unchanged_text_candidates.json	working tree based on 0e18f64a488901a8a565fbcd9da8b7413aa91e10	4f53cda18c2baa0c0354bb5f9a3ecbe5ed12ab4d8e11ba873c2f11161202b945	historical investigation/reference	NO: historical/private data not selected for publication		PRIVATE_ARCHIVE_ONLY	Preserved by SHA-256 in the private working-file manifest; not a current product dependency.	baseline 102 / candidate 134 tests; exact ROM/BPS reproduction; see individual test map	private backup: legacy working-files manifest
narikiri2-an9j-save-fix	analysis/private/unchanged_text_candidates_wide.json	working tree based on 0e18f64a488901a8a565fbcd9da8b7413aa91e10	4f53cda18c2baa0c0354bb5f9a3ecbe5ed12ab4d8e11ba873c2f11161202b945	historical investigation/reference	NO: historical/private data not selected for publication		PRIVATE_ARCHIVE_ONLY	Preserved by SHA-256 in the private working-file manifest; not a current product dependency.	baseline 102 / candidate 134 tests; exact ROM/BPS reproduction; see individual test map	private backup: legacy working-files manifest
narikiri2-an9j-save-fix	analysis/private/verify32_matrices.py	working tree based on 0e18f64a488901a8a565fbcd9da8b7413aa91e10	e7c79c264116cf150e156dda637a9b69272d88f6192e398a90b42d7bda1c56eb	historical investigation/reference	NO: historical/private data not selected for publication		PRIVATE_ARCHIVE_ONLY	Preserved by SHA-256 in the private working-file manifest; not a current product dependency.	baseline 102 / candidate 134 tests; exact ROM/BPS reproduction; see individual test map	private backup: legacy working-files manifest
narikiri2-an9j-save-fix	analysis/private/verify32_saves.py	working tree based on 0e18f64a488901a8a565fbcd9da8b7413aa91e10	8435d24654ee4db0ce04dfbc658d768c4475dd7d522bb48d822bf4074501609f	historical investigation/reference	NO: historical/private data not selected for publication		PRIVATE_ARCHIVE_ONLY	Preserved by SHA-256 in the private working-file manifest; not a current product dependency.	baseline 102 / candidate 134 tests; exact ROM/BPS reproduction; see individual test map	private backup: legacy working-files manifest
narikiri2-an9j-save-fix	analysis/private/prepublication-state-20260905/complete_scope_summary.json	working tree based on 0e18f64a488901a8a565fbcd9da8b7413aa91e10	68b39c301ee8e5a72b97fff4b4c12c431910a86cd6f39bbb5bb6be79fa77335f	historical investigation/reference	NO: historical/private data not selected for publication		PRIVATE_ARCHIVE_ONLY	Preserved by SHA-256 in the private working-file manifest; not a current product dependency.	baseline 102 / candidate 134 tests; exact ROM/BPS reproduction; see individual test map	private backup: legacy working-files manifest
narikiri2-an9j-save-fix	analysis/private/prepublication-state-20260905/EXECUTION_STATE.json	working tree based on 0e18f64a488901a8a565fbcd9da8b7413aa91e10	0bdfefa46027c6499c52746446d0ae6b05855a1437119c2625be30e5cdfef8d6	historical investigation/reference	NO: historical/private data not selected for publication		PRIVATE_ARCHIVE_ONLY	Preserved by SHA-256 in the private working-file manifest; not a current product dependency.	baseline 102 / candidate 134 tests; exact ROM/BPS reproduction; see individual test map	private backup: legacy working-files manifest
narikiri2-an9j-save-fix	analysis/private/prepublication-state-20260905/RELEASE_CHECKLIST.md	working tree based on 0e18f64a488901a8a565fbcd9da8b7413aa91e10	48868fe0e89c641b10ba669f5bbd157ca4785d497b1cee1d7f76ad18fad6ae91	historical investigation/reference	NO: historical/private data not selected for publication		PRIVATE_ARCHIVE_ONLY	Preserved by SHA-256 in the private working-file manifest; not a current product dependency.	baseline 102 / candidate 134 tests; exact ROM/BPS reproduction; see individual test map	private backup: legacy working-files manifest
narikiri2-an9j-save-fix	analysis/private/prepublication-state-20260905/RESUME.md	working tree based on 0e18f64a488901a8a565fbcd9da8b7413aa91e10	cea7026d4e993a9fd55333370f4daa22ac5430132c970c7732e9791d69cef5d2	historical investigation/reference	NO: historical/private data not selected for publication		PRIVATE_ARCHIVE_ONLY	Preserved by SHA-256 in the private working-file manifest; not a current product dependency.	baseline 102 / candidate 134 tests; exact ROM/BPS reproduction; see individual test map	private backup: legacy working-files manifest
narikiri2-an9j-save-fix	analysis/private/prepublication-state-20260905/status.md	working tree based on 0e18f64a488901a8a565fbcd9da8b7413aa91e10	5dc19b797262da24fa204da1f3baea58a838150a22bee55f39aa63a8fca176e8	historical investigation/reference	NO: historical/private data not selected for publication		PRIVATE_ARCHIVE_ONLY	Preserved by SHA-256 in the private working-file manifest; not a current product dependency.	baseline 102 / candidate 134 tests; exact ROM/BPS reproduction; see individual test map	private backup: legacy working-files manifest
narikiri2-an9j-save-fix	analysis/previews/dalmoori-gate2-v1/item_names_000_023.png	working tree based on 0e18f64a488901a8a565fbcd9da8b7413aa91e10	0a0a052c685a9c131b3cbcf285a8a04610d681c56ed028319231d3497989a174	historical investigation/reference	NO: historical/private data not selected for publication		PRIVATE_ARCHIVE_ONLY	Preserved by SHA-256 in the private working-file manifest; not a current product dependency.	baseline 102 / candidate 134 tests; exact ROM/BPS reproduction; see individual test map	private backup: legacy working-files manifest
narikiri2-an9j-save-fix	analysis/previews/dalmoori-gate2-v1/item_names_024_047.png	working tree based on 0e18f64a488901a8a565fbcd9da8b7413aa91e10	b0bdfe63f4bc45b57f0f701e031b6b1c6ef301123116edd07848d1f5f599fd27	historical investigation/reference	NO: historical/private data not selected for publication		PRIVATE_ARCHIVE_ONLY	Preserved by SHA-256 in the private working-file manifest; not a current product dependency.	baseline 102 / candidate 134 tests; exact ROM/BPS reproduction; see individual test map	private backup: legacy working-files manifest
narikiri2-an9j-save-fix	analysis/previews/dalmoori-gate2-v1/item_names_048_071.png	working tree based on 0e18f64a488901a8a565fbcd9da8b7413aa91e10	fe3861f65e39b31db7ac29f4e2fe67b3288f083e3ee7c8d73f2d84813fcdceca	historical investigation/reference	NO: historical/private data not selected for publication		PRIVATE_ARCHIVE_ONLY	Preserved by SHA-256 in the private working-file manifest; not a current product dependency.	baseline 102 / candidate 134 tests; exact ROM/BPS reproduction; see individual test map	private backup: legacy working-files manifest
narikiri2-an9j-save-fix	analysis/previews/dalmoori-gate2-v1/item_names_072_095.png	working tree based on 0e18f64a488901a8a565fbcd9da8b7413aa91e10	e80912eb72e01b08f6720aad0c2525978cae5cae1d2b61ed92280fa51c439900	historical investigation/reference	NO: historical/private data not selected for publication		PRIVATE_ARCHIVE_ONLY	Preserved by SHA-256 in the private working-file manifest; not a current product dependency.	baseline 102 / candidate 134 tests; exact ROM/BPS reproduction; see individual test map	private backup: legacy working-files manifest
narikiri2-an9j-save-fix	analysis/previews/dalmoori-gate2-v1/item_names_096_119.png	working tree based on 0e18f64a488901a8a565fbcd9da8b7413aa91e10	fe1b516adaad8c5686e810c1837fbaca8f49664b55cc66c9ba75eb956195dd31	historical investigation/reference	NO: historical/private data not selected for publication		PRIVATE_ARCHIVE_ONLY	Preserved by SHA-256 in the private working-file manifest; not a current product dependency.	baseline 102 / candidate 134 tests; exact ROM/BPS reproduction; see individual test map	private backup: legacy working-files manifest
narikiri2-an9j-save-fix	analysis/previews/dalmoori-gate2-v1/item_names_120_143.png	working tree based on 0e18f64a488901a8a565fbcd9da8b7413aa91e10	46a848947b83087be458d0b3adf7d3aa7927033a20fa6228030328d39a9d1e2f	historical investigation/reference	NO: historical/private data not selected for publication		PRIVATE_ARCHIVE_ONLY	Preserved by SHA-256 in the private working-file manifest; not a current product dependency.	baseline 102 / candidate 134 tests; exact ROM/BPS reproduction; see individual test map	private backup: legacy working-files manifest
narikiri2-an9j-save-fix	analysis/previews/dalmoori-gate2-v1/item_names_144_156.png	working tree based on 0e18f64a488901a8a565fbcd9da8b7413aa91e10	0107929a419a5fad7ae141f467907967a3935e89c5791cdf9fd56e5e671f8879	historical investigation/reference	NO: historical/private data not selected for publication		PRIVATE_ARCHIVE_ONLY	Preserved by SHA-256 in the private working-file manifest; not a current product dependency.	baseline 102 / candidate 134 tests; exact ROM/BPS reproduction; see individual test map	private backup: legacy working-files manifest
narikiri2-an9j-save-fix	analysis/previews/dalmoori-gate2-v1/item_names_after.png	working tree based on 0e18f64a488901a8a565fbcd9da8b7413aa91e10	3bdc7d8ea8546c18ef9dea12716ab4bc6779a530325e717940d6f31a38e00150	historical investigation/reference	NO: historical/private data not selected for publication		PRIVATE_ARCHIVE_ONLY	Preserved by SHA-256 in the private working-file manifest; not a current product dependency.	baseline 102 / candidate 134 tests; exact ROM/BPS reproduction; see individual test map	private backup: legacy working-files manifest
narikiri2-an9j-save-fix	analysis/previews/dalmoori-gate2-v1/item_names_before.png	working tree based on 0e18f64a488901a8a565fbcd9da8b7413aa91e10	890b3f2b23f98d2fba6d1d7cc27d907b85565ae7a58f77571b41b3bc418deef8	historical investigation/reference	NO: historical/private data not selected for publication		PRIVATE_ARCHIVE_ONLY	Preserved by SHA-256 in the private working-file manifest; not a current product dependency.	baseline 102 / candidate 134 tests; exact ROM/BPS reproduction; see individual test map	private backup: legacy working-files manifest
narikiri2-an9j-save-fix	analysis/previews/dalmoori-gate2-v1/item_names_comparison.png	working tree based on 0e18f64a488901a8a565fbcd9da8b7413aa91e10	16bb532de71d41ec022d30f7907157907682ff1d0eb17559b79eac1630c4744b	historical investigation/reference	NO: historical/private data not selected for publication		PRIVATE_ARCHIVE_ONLY	Preserved by SHA-256 in the private working-file manifest; not a current product dependency.	baseline 102 / candidate 134 tests; exact ROM/BPS reproduction; see individual test map	private backup: legacy working-files manifest
narikiri2-an9j-save-fix	analysis/previews/dalmoori-gate2-v1/item_name_preview_manifest.json	working tree based on 0e18f64a488901a8a565fbcd9da8b7413aa91e10	7ce84e324225f0be1cb753783e35011ec8412be1087116beaa953d85f4eb78a3	historical investigation/reference	NO: historical/private data not selected for publication		PRIVATE_ARCHIVE_ONLY	Preserved by SHA-256 in the private working-file manifest; not a current product dependency.	baseline 102 / candidate 134 tests; exact ROM/BPS reproduction; see individual test map	private backup: legacy working-files manifest
narikiri2-an9j-save-fix	analysis/previews/dalmoori-gate2-v1/regression_names.png	working tree based on 0e18f64a488901a8a565fbcd9da8b7413aa91e10	f07eb63107416674f17ba61f245d9609011b4341229032c0912ea5276c466e4d	historical investigation/reference	NO: historical/private data not selected for publication		PRIVATE_ARCHIVE_ONLY	Preserved by SHA-256 in the private working-file manifest; not a current product dependency.	baseline 102 / candidate 134 tests; exact ROM/BPS reproduction; see individual test map	private backup: legacy working-files manifest
